:04000000E2EF3FF0FC
:08000800046ED8CF05F0E0CF33
:1000100006F00001E9CF0CF0EACF07F0E1CF08F0DD
:10002000E2CF09F0D9CF0AF0DACF0BF0F3CF12F01C
:10003000F4CF13F0FACF14F0FBCF15F000C00EF0A0
:1000400001C00FF002C010F003C011F09DA22CEF10
:1000500000F09EB276EF0DF0A3A032EF00F0A4B056
:10006000B9EF0CF00EC000F00FC001F010C002F0AC
:1000700011C003F00CC0E9FF07C0EAFF078E08C0FB
:10008000E1FF09C0E2FF0AC0D9FF0BC0DAFF12C0CE
:10009000F3FF13C0F4FF14C0FAFF15C0FBFF0450B8
:1000A00006C0E0FF05C0D8FF100007AE03D0F2CFB6
:1000B0000DF0F29EF76AD00FF66E000EF722000EDA
:1000C000F86E0900F55007AE02D00DBEF28E120098
:1000D00053657461205269676874000007AE03D0ED
:1000E000F2CF0DF0F29EF76A020FF66E010EF722C4
:1000F000000EF86E0900F55007AE02D00DBEF28E6C
:10010000120053657461204C6566740007AE03D01D
:10011000F2CF0DF0F29EF76A320FF66E010EF72263
:10012000000EF86E0900F55007AE02D00DBEF28E3B
:100130001200496E65727469610007AE03D0F2CF98
:100140000DF0F29EF76A600FF66E010EF722000EB8
:10015000F86E0900F55007AE02D00DBEF28E120007
:100160005365746120436F636B706974000007AE60
:1001700003D0F2CF0DF0F29EF76A940FF66E010EE7
:10018000F722000EF86E0900F55007AE02D00DBE42
:10019000F28E1200485620426F78000007AE03D05E
:1001A000F2CF0DF0F29EF76AC20FF66E010EF72243
:1001B000000EF86E0900F55007AE02D00DBEF28EAB
:1001C000120048564420496E7465726C6F636B0070
:1001D00007AE03D0F2CF0DF0F29EF76AF60FF66E7F
:1001E000010EF722000EF86E0900F55007AE02D09E
:1001F0000DBEF28E1200496E766572746572204CE7
:1002000065667420496E7465726C6F636B0007AE2F
:1002100003D0F2CF0DF0F29EF76A340FF66E020EA5
:10022000F722000EF86E0900F55007AE02D00DBEA1
:10023000F28E1200496E766572746572205269679B
:10024000687420496E7465726C6F636B000007AE52
:1002500003D0F2CF0DF0F29EF76A740FF66E020E25
:10026000F722000EF86E0900F55007AE02D00DBE61
:10027000F28E120054534D5020696E7465726C6F8B
:10028000636B000007AE03D0F2CF0DF0F29EF76A69
:10029000AA0FF66E020EF722000EF86E0900F55056
:1002A00007AE02D00DBEF28E120054534D53204CB7
:1002B0006574277320474F4F4F0007AE03D0F2CF2E
:1002C0000DF0F29EF76AE00FF66E020EF722000EB6
:1002D000F86E0900F55007AE02D00DBEF28E120086
:1002E00056616D6F7320686F7374696120717565F5
:1002F000000007AE03D0F2CF0DF0F29EF76A180FA0
:10030000F66E030EF722000EF86E0900F55007AEE8
:1003100002D00DBEF28E1200657374616D6F732092
:10032000656E204653470000F2CF0DF0F29EF76A4B
:10033000460FF66E030EF722000EF86E0900F55018
:100340000DBEF28E1200454E445552414E434500BB
:10035000F2CF0DF0F29EF76A6E0FF66E030EF722E3
:10036000000EF86E0900F5500DBEF28E1200574FC8
:10037000524B53484F500000F2CF0DF0F29EF76AF7
:10038000960FF66E030EF722000EF86E0900F55078
:100390000DBEF28E1200435553544F4D0000F2CF64
:1003A0000DF0F29EF76ABC0FF66E030EF722000EF8
:1003B000F86E0900F5500DBEF28E12004143434520
:1003C0004C45524154494F4E0000F2CF0DF0F29E81
:1003D000F76AE80FF66E030EF722000EF86E0900BA
:1003E000F5500DBEF28E1200534B4944504144006B
:1003F000F2CF0DF0F29EF76A0E0FF66E040EF722A2
:10040000000EF86E0900F5500DBEF28E1200415537
:10041000544F43524F535300F2CF0DF0F29EF76A00
:10042000360FF66E040EF722000EF86E0900F55036
:100430000DBEF28E12005052452D434841524745A1
:100440002053455155454E434500F2CF0DF0F29EE5
:10045000F76A680FF66E040EF722000EF86E0900B8
:10046000F5500DBEF28E1200636F736173206775D5
:10047000617061730000F2CF0DF0F29EF76A940F85
:10048000F66E040EF722000EF86E0900F5500DBE50
:10049000F28E1200636F7361732067756170617310
:1004A000202E0000F2CF0DF0F29EF76AC20FF66E1A
:1004B000040EF722000EF86E0900F5500DBEF28E04
:1004C0001200636F73617320677561706173202E12
:1004D000202E0000F2CF0DF0F29EF76AF20FF66EBA
:1004E000040EF722000EF86E0900F5500DBEF28ED4
:1004F0001200636F73617320677561706173202EE2
:10050000202E202E0000F2CF0DF0F29EF76A240F6D
:10051000F66E050EF722000EF86E0900F5500DBEBE
:10052000F28E1200652D5465636820526163696E16
:100530006700F2CF0DF0F29EF76A500FF66E050ECF
:10054000F722000EF86E0900F5500DBEF28E120073
:10055000656C2065717569706F20646520466F72E7
:100560006D756C610000F2CF0DF0F29EF76A840F9A
:10057000F66E050EF722000EF86E0900F5500DBE5E
:10058000F28E120053747564656E74206465206C7D
:10059000612045454245205550430000140E0F018F
:1005A000316F200E326F010E356FF3C836FF308782
:1005B0000001EFEF0CF0140E0F01216F226B010E02
:1005C000256F03C926FF20870001F1EF0CF0100E04
:1005D0000F01416FA00E426F010E456FF4C846FF38
:1005E00040870001F7EF0CF0160E0F01416F426BD0
:1005F000010E456F09013D5DFA0F59E2060F00013A
:100600005CEF03F0010E0F01466F090150D00901A4
:100610003C2D05D00B0E0F01466F07D009013C5150
:10062000020804E10C0E0F01466F090140D00901D8
:100630003E2D05D0150E0F01466F07D009013E5122
:10064000020804E1160E0F01466F090130D00901BE
:100650003E2D05D01F0E0F01466F07D009013E51F8
:10066000020804E1200E0F01466F090120D00901A4
:100670003E2D05D0290E0F01466F07D009013E51CE
:10068000020804E12A0E0F01466F090110D009018A
:100690003E2D05D0330E0F01466F07D009013E51A4
:1006A000020804E1340E0F01466F090100D00F016A
:1006B00040870001FDEF0CF0E824F76AF736D90F08
:1006C000F66E060EF722000EF86EFB6E0A00F5506D
:1006D000FA6E0800F550F96E04060E062E064E0658
:1006E0006E068E060A014651070B006E4631016EFA
:1006F000013201321F0E011601504825E96E000E2D
:100700004921EA6E016A012A002A01D00136002E31
:10071000FDD7475303E00150EF1203D0011E0150F3
:10072000EF160001000C0B012951800803E32A5148
:10073000400801E258D0295302E02A5301E153D086
:10074000010E295F2A5F2F6B316B2ACB30FB3133CF
:10075000303331333033313330331F0E31173035CE
:10076000026E3135036E0236033602360336023628
:100770000336023603360236033602360336800E5F
:100780000216025029252C6F03502F212D6F2B5359
:1007900015E04F0E2C25E96E040E2D21EA6E2A512C
:1007A000070B016E010E006E015204E0D890003676
:1007B000012EFCD70050EF10EF6E15D04F0E2C25F8
:1007C000E96E040E2D21EA6E2A51070B016E010E0F
:1007D000006E015204E0D8900036012EFCD7005084
:1007E000FF0AEF14EF6E0001000C0B0106510A5DC9
:1007F000296F07510B592A6F29512ACB22FB29CB8C
:1008000021FB08510C5D296F09510D592A6F29519F
:100810002ACB24FB29CB23FB07CB26FB06CB25FBCE
:1008200009CB28FB08CB27FB07510B5D0AE303E14B
:1008300006510A5D06E3106B010E0F6F1E6B1D6FF4
:1008400005D0FF0E106F0F6F1E6F1D6F09510D5DEC
:100850000AE303E108510C5D06E3126B010E116F10
:10086000206B1F6F05D0FF0E126F116F206F1F6F6F
:100870002451225D1AE303E12351215D16E3106B3D
:100880000F6B206B1F6B22CB14FB21CB13FBD8907B
:100890002231166F2131156F24CB18FB23CB17FBA8
:1008A00022CB1AFB21CB19FB15D01E6B1D6B126BD3
:1008B000116B24CB14FB23CB13FBD8902431166F80
:1008C0002331156F22CB18FB21CB17FB24CB1AFB4E
:1008D00023CB19FB1C6B1B6B1C511A5D30E303E12E
:1008E0001B51195D2CE325CB29FB27CB2AFB0ECB13
:1008F0002BFB000118DF0B01175115271851162388
:100900001451165D10E303E11351155D0CE313510F
:10091000155F1451165B0F512527105126231151D5
:100920002727125128231D5125271E5126231F51E9
:100930002727205128231B2BD8B41C2BCDD70001EF
:10094000000C0A01FD510B01015D066F0A01FE5109
:100950000B010259076F065302E107531BE0FECA61
:1009600007FBFDCA06FB00CB09FBFFCA08FBFECA5A
:100970000BFBFDCA0AFB04CB0DFB03CB0CFB05CB29
:100980000EFB000132DF010E0A01FD27000EFE23DF
:10099000D9D70B010001000C47CA07FB46CA06FB6A
:1009A00049CA09FB48CA08FB4BCA0BFB4ACA0AFBE7
:1009B00049CA0DFB48CA0CFB4ECA0EFB16DF47CADC
:1009C00007FB46CA06FB49CA09FB48CA08FB47CAD7
:1009D0000BFB46CA0AFB4DCA0DFB4CCA0CFB4ECAA8
:1009E0000EFB03DF47CA07FB46CA06FB4DCA09FBDD
:1009F0004CCA08FB4BCA0BFB4ACA0AFB4DCA0DFB8B
:100A00004CCA0CFB4ECA0EFBF0DE4BCA07FB4ACAAF
:100A100006FB49CA09FB48CA08FB4BCA0BFB4ACA7A
:100A20000AFB4DCA0DFB4CCA0CFB4ECA0EFBDDDEA9
:100A3000000C10CB17FB11CB18FB10CB19FB11CB03
:100A40001AFB0B0112CBE9FF13CBEAFFEF2C01D00D
:100A500009D017CB00F018CB01F019CB02F01ACB5C
:100A600003F0C2D0010E1225E96E000E1321EA6ECA
:100A7000EF50020809E017CB00F018CB01F019CBBA
:100A800002F01ACB03F0B0D0020E1225E96E000E70
:100A90001321EA6EEF500F5D13E3020E1225E96E8B
:100AA000000E1321EA6EEFCF1DFB030E1225E96E37
:100AB000000E1321EA6EEF501D250F5D0AE009E3D9
:100AC00017CB00F018CB01F019CB02F01ACB03F0D2
:100AD0008BD0020E1225E96E000E1321EA6EEF5044
:100AE0000F5FD8900F35050F036A1225E96E135179
:100AF0000320EA6EEF50036A146F03C015FB14CB9A
:100B000015FB146BD8900F35060F036A1225E96E9A
:100B100013510320EA6EEF50141312511425E96E9D
:100B200013511521EA6EEFCF16FB1B6B16511B5D9F
:100B300046E21C6B040E1225E96E000E1321EA6ECC
:100B4000EF501C5D3AE21C51070B03E1142BD8B4A3
:100B5000152B12511425E96E13511521EA6EEFCFB2
:100B60001DFB1C51070B016E010E006E015204E0CB
:100B7000D8900036012EFCD700501D150FE01B51F8
:100B800010251D6F1C5111251E6F1DCB29FB2A6FCF
:100B9000010E2B6F0001C7DD0DD00B011B5110257D
:100BA0001D6F1C5111251E6F1DCB29FB2A6F2B6B4E
:100BB0000001B9DD0B011C2BBDD71B2BB7D716517C
:100BC0001725FF0F196F040E1225E96E000E132171
:100BD000EA6EEF5018251A6F17CB00F018CB01F012
:100BE00019CB02F01ACB03F00001000C01CB06FB7D
:100BF00002CB07FB010E0B01052700CB03F00A0116
:100C0000FFCAE9FF00CBEAFFEF5229E000CB03F077
:100C10000A01FF51FF2BD8A403D00B01002B0A01BE
:100C2000E96E03C0EAFFEFCF0EFB0ECB0FFB01CB4B
:100C300010FB02CB11FB04CB13FB03CB12FB000117
:100C4000F8DE03C00DFB02C00CFB01C00BFB00C0B3
:100C50000AFB0B0105510C25016FCFD70A010CCB04
:100C600008FB0DCB09FB06CB00F007CB01F008CB4E
:100C700002F009CB03F00001000C959A8C9A96942F
:100C80008D940B01056B046B055314E104510708A7
:100C900011E303AF03D0959E8C8E02D0959E8C9E5F
:100CA000959C8C8C959C8C9CD8900337042BD8B445
:100CB000052BEAD796948D840001000C0B0102519C
:100CC0000419800B066F02AF05D0011F021F012B14
:100CD000D8B4022B04AF05D0031F041F032BD8B4D4
:100CE000042B01510303F3CF01F0F4CF00F0040310
:100CF000F350002602510303F3500020026E06AFAA
:100D000005D0011E021E012AD8B4022A0001000CDF
:100D1000959A8C8A96948D940B01046B036B045303
:100D200014E10351070811E302AF03D0959E8C8EA6
:100D300002D0959E8C9E959C8C8C959C8C9CD8907A
:100D40000237032BD8B4042BEAD796948D84000184
:100D5000000C0A01FE6BFD6BFEBF05D0FE535EE189
:100D6000FD5107085BE3FD51B0090B01016FFECA9D
:100D700002FB0B01036F000180DF04014E5307E10A
:100D8000040E0B01036F000178DF05D004010B0195
:100D9000036B000172DF100E0B01036F00016DDFAA
:100DA0000B01006B0A01FF6B0B0100BF0AD000535F
:100DB00030E10A01FF517F08D8B002D00B0129D0E1
:100DC0000B01FECA02FBFDCA01FB046B800E036F20
:100DD000000174DF02C002FB01C001FB0A01FF51E8
:100DE0000B010127005102234F0E0125E96E040E6D
:100DF0000221EA6EEFCF01FB01CB02FB000188DF8D
:100E00000A01FF2BD8A403D00B01002B0A01CCD779
:100E10000B010A01FD2BD8B4FE2B9ED70001000C5C
:100E200009012A2D3DD00A01FE6B180EFD6F0B0142
:100E3000006B1E0E0A01FF6F0B01026B720E016F39
:100E4000046B390E036F056B00017BDD0A0EEA6E41
:100E5000460EE96EF2CFFDFAF29E0B0E016EF76AB6
:100E6000000E55EC00F00A000900F5CFEEFF012E50
:100E7000FBD70A01FDBFF28E0A0E0B01006F460E72
:100E80000A01FF6F140E0B01016F1B0E026F046B42
:100E9000180E036F010E056F0001A8DE91D3090142
:100EA0002B2D3DD00A01FE6B180EFD6F0B01006B60
:100EB0001E0E0A01FF6F0B01026B720E016F046BB5
:100EC000390E036F056B00013CDD0A0EEA6E510E10
:100ED000E96EF2CFFDFAF29E0A0E016EF76A000E7D
:100EE0006EEC00F00A000900F5CFEEFF012EFBD7F3
:100EF0000A01FDBFF28E0A0E0B01006F510E0A01AE
:100F0000FF6F140E0B01016F1B0E026F046B180EA6
:100F1000036F010E056F000169DE52D309012C2D0C
:100F20003DD00A01FE6B180EFD6F0B01006B1E0E0B
:100F30000A01FF6F0B01026B720E016F046B390E19
:100F4000036F056B0001FDDC0A0EEA6E5B0EE96EB5
:100F5000F2CFFDFAF29E080E016EF76A000E86ECE3
:100F600000F00A000900F5CFEEFF012EFBD70A01C1
:100F7000FDBFF28E0A0E0B01006F5B0E0A01FF6FC0
:100F8000140E0B01016F1B0E026F046B180E036F22
:100F9000010E056F00012ADE13D309012D2D31D07A
:100FA0000A01FE6B180EFD6F0B01006B1E0E0A018D
:100FB000FF6F0B01026B720E016F046B390E036F32
:100FC000056B0001BEDC420E0A01636F4F0E646FB9
:100FD000540E656F530E666F676B0A0E0B01006F40
:100FE000630E0A01FF6F140E0B01016F1B0E026FDF
:100FF000046B180E036F010E056F0001F7DDE0D2E0
:1010000009012E2D3DD00A01FE6B180EFD6F0B015C
:10101000006B1E0E0A01FF6F0B01026B720E016F57
:10102000046B390E036F056B00018BDC0A0EEA6E50
:10103000680EE96EF2CFFDFAF29E0D0E016EF76AB0
:10104000000E9DEC00F00A000900F5CFEEFF012E26
:10105000FBD70A01FDBFF28E0A0E0B01006F680E6E
:101060000A01FF6F140E0B01016F1B0E026F046B60
:10107000180E036F010E056F0001B8DDA1D2090142
:101080002F2D2FD00A01FE6B180EFD6F0B01006B88
:101090001E0E0A01FF6F0B01026B720E016F046BD3
:1010A000390E036F056B00014CDC420E0A01756FAF
:1010B0004D0E766F530E776F786B0A0E0B01006F33
:1010C000750E0A01FF6F140E0B01016F1B0E026FEC
:1010D000046B180E036F010E056F000187DD70D2DF
:1010E0000901302D2FD00A01FE6B180EFD6F0B0188
:1010F000006B1E0E0A01FF6F0B01026B720E016F77
:10110000046B390E036F056B00011BDC490E0A01ED
:10111000796F4D0E7A6F440E7B6F7C6B0A0E0B015C
:10112000006F790E0A01FF6F140E0B01016F1B0E89
:10113000026F046B180E036F010E056F000156DD80
:101140003FD20901312D32D00A01FE6B180EFD6F1E
:101150000B01006B1E0E0A01FF6F0B01026B720E7A
:10116000016F046B390E036F056B0001A1EC04F0F5
:10117000420E0A017D6F530E7E6F500E7F6F440E3C
:10118000806F816B0A0E0B01006F7D0E0A01FF6FED
:10119000140E0B01016F1B0E026F046B180E036F10
:1011A000010E056F000122DD0BD20901322D3ED068
:1011B0000A01FE6B180EFD6F0B01006B1E0E0A017B
:1011C000FF6F0B01026B720E016F046B390E036F20
:1011D000056B0001A1EC04F00A0EEA6E820EE96EC6
:1011E000F2CFFDFAF29E070E016EF76A000EB7EC21
:1011F00000F00A000900F5CFEEFF012EFBD70A012F
:10120000FDBFF28E0A0E0B01006F820E0A01FF6F06
:10121000140E0B01016F1B0E026F046B180E036F8F
:10122000010E056F0001E2DCCBD10901332D3ED068
:101230000A01FE6B180EFD6F0B01006B1E0E0A01FA
:10124000FF6F0B01026B720E016F046B390E036F9F
:10125000056B0001A1EC04F00A0EEA6E890EE96E3E
:10126000F2CFFDFAF29E0E0E016EF76A000ECEEC82
:1012700000F00A000900F5CFEEFF012EFBD70A01AE
:10128000FDBFF28E0A0E0B01006F890E0A01FF6F7F
:10129000140E0B01016F1B0E026F046B180E036F0F
:1012A000010E056F0001A2DC8BD10901342D3ED067
:1012B0000A01FE6B180EFD6F0B01006B1E0E0A017A
:1012C000FF6F0B01026B720E016F046B390E036F1F
:1012D000056B0001A1EC04F00A0EEA6E970EE96EB0
:1012E000F2CFFDFAF29E180E016EF76A000EE8ECDE
:1012F00000F00A000900F5CFEEFF012EFBD70A012E
:10130000FDBFF28E0A0E0B01006F970E0A01FF6FF0
:10131000140E0B01016F1B0E026F046B180E036F8E
:10132000010E056F000162DC4BD10901352D3ED065
:101330000A01FE6B180EFD6F0B01006B1E0E0A01F9
:10134000FF6F0B01026B720E016F046B390E036F9E
:10135000056B0001A1EC04F00A0EEA6EAF0EE96E17
:10136000F2CFFDFAF29E190E016EF76A000E07EC3D
:1013700001F00A000900F5CFEEFF012EFBD70A01AC
:10138000FDBFF28E0A0E0B01006FAF0E0A01FF6F58
:10139000140E0B01016F1B0E026F046B180E036F0E
:1013A000010E056F000122DC0BD10901362D3FD063
:1013B0000A01FE6B180EFD6F0B01006B1E0E0A0179
:1013C000FF6F0B01026B720E016F046B390E036F1E
:1013D000056B0001A1EC04F00A0EEA6EC80EE96E7E
:1013E000F2CFFDFAF29E0F0E016EF76A000E27ECA7
:1013F00001F00A000900F5CFEEFF012EFBD70A012C
:10140000FDBFF28E0A0E0B01006FC80E0A01FF6FBE
:10141000140E0B01016F1B0E026F046B180E036F8D
:10142000010E056F0001F6EC05F0CAD00901372D59
:1014300033D00A01FE6B180EFD6F0B01006B1E0E00
:101440000A01FF6F0B01026B720E016F046B390E04
:10145000036F056B0001A1EC04F0540E0A01D76F75
:10146000530ED86F4D0ED96F530EDA6FDB6B0A0E29
:101470000B01006FD70E0A01FF6F140E0B01016FF5
:101480001B0E026F046B180E036F010E056F000137
:10149000F6EC05F095D00901382D3FD00A01FE6B1E
:1014A000180EFD6F0B01006B1E0E0A01FF6F0B0182
:1014B000026B720E016F046B390E036F056B000136
:1014C000A1EC04F00A0EEA6EDC0EE96EF2CFFDFA32
:1014D000F29E100E016EF76A000E42EC01F00A0057
:1014E0000900F5CFEEFF012EFBD70A01FDBFF28EFA
:1014F0000A0E0B01006FDC0E0A01FF6F140E0B01C8
:10150000016F1B0E026F046B180E036F010E056F47
:101510000001F6EC05F054D009010A0EEA6EEC0E5B
:10152000E96EF2CFFDFAF29E110E016EF76A000E1F
:1015300000015DEC01F00A000900F5CFEEFF012E7D
:10154000FBD70A01FDBFF28E0A0E0B01006FEC0EF5
:101550000A01FF6F140E0B01016F110E026F046B75
:10156000180E036F010E056F0001F6EC05F00A0E70
:10157000EA6EEC0EE96EF2CFFDFAF29E0F0E016EEE
:10158000F76A000E79EC01F00A000900F5CFEEFFD2
:10159000012EFBD70A01FDBFF28E0A0E0B01006F70
:1015A000EC0E0A01FF6F140E0B01016F1B0E026F90
:1015B000046B180E036F010E056F0001F6EC05F0C9
:1015C000A9EC06F0000C0A01FE6B0E0EFD6F0B017C
:1015D000006B070E0A01FF6F0B01026B720E016FA9
:1015E000046B390E036F056B0001A1EC04F00A01D6
:1015F000476B0E0E466F496B070E486F4B6B720EB2
:101600004A6F4D6B3A0E4C6F010E4E6F0001CCECE1
:1016100004F00A01476B0F0E466F496B080E486FC6
:101620004B6B730E4A6F4D6B3B0E4C6F010E4E6F42
:101630000001CCEC04F010EC07F0000C090126537B
:101640001CE127531AE15BC846FA010E0A01476FF5
:101650000F0E496F890E486F000172EC03F05BC8F2
:1016600046FA0A01476B0F0E496F920E486F000150
:1016700072EC03F0A8DF00D0090128531CE12953C4
:101680001AE15CC846FA010E0A01476F0F0E496F56
:10169000890E486F000172EC03F05CC846FA0A013B
:1016A000476B0F0E496F920E486F000172EC03F00A
:1016B0008ADF00D009010001FFEF0CF00A01475159
:1016C0004919800B4B6F47AF05D0461F471F462B6C
:1016D000D8B4472B49AF05D0481F491F482BD8B471
:1016E000492B016A026A006A036A495102E14851C2
:1016F00018E0100E4A6FD890463747370036033649
:101700004951035C02E14851005C07E34851005E27
:10171000D8A003064951035ED880013602364A2F0D
:10172000EAD74BAF05D0011E021E012AD8B4022A07
:1017300000014BEF0DF0016A026A006A036A0A01B8
:10174000495102E1485118E0100E4A6FD8904637CF
:101750004737003603364951035C02E14851005CCB
:1017600007E34851005ED8A003064951035ED880C4
:10177000013602364A2FEAD70001000C0801FA3977
:101780000A01466F46334633030E46174651010B96
:1017900009012A6F0801FA390A01466F4633070E1C
:1017A00046174651010B09012B6F0801FA390A014E
:1017B000466F0F0E46174651010B09012C6F0801A9
:1017C000FA310A01466F463346331F0E461746511B
:1017D000010B09012D6F0801FA310A01466F4633EA
:1017E0003F0E46174651010B09012E6FD890080194
:1017F000FA31010B09012F6FFAC846FA0A01465166
:10180000010B0901306F0801FA310A01476F080125
:10181000F9310A01466F473346334733463347337E
:101820004633473346334733463347334633010E57
:1018300047174651010B0901316F0801FA310A01BE
:10184000476F0801F9310A01466F47334633473382
:101850004633473346334733463347334633030E25
:1018600047174651010B0901326F0801FA310A018D
:10187000476F0801F9310A01466F47334633473352
:1018800046334733463347334633070E47174651EF
:10189000010B0901336F0801FA310A01476F080192
:1018A000F9310A01466F47334633473346334733EE
:1018B00046330F0E47174651010B0901346F0801DB
:1018C000FA310A01476F0801F9310A01466F4733BF
:1018D0004633473346331F0E47174651010B090164
:1018E000356F0801FA310A01476F0801F9310A0121
:1018F000466F473346333F0E47174651010B0901E8
:10190000366FD8900801FA310801F931010B09014D
:10191000376F0801F951010B0901386F0801F751C0
:10192000080B0A01466F476B47310901276F0A010F
:1019300046310901266F27332633273326331F0EFE
:1019400027170801F751100B0A01466F476B473103
:101950000901296F0A0146310901286F293328330B
:1019600029332833293328330F0E2917000170EF4C
:101970000DF00A01476B61CF46FA463747374637C5
:10198000473746374737F80E46176250E00B006E70
:10199000003A0032070E0016005046110801EE6FA3
:1019A00047CAEFF8080165500F0BF06FF16BEE516D
:1019B000BA0826E1EF5324E1F52BF55103080CE2B8
:1019C000F56BF62B1A0E0F01416F200E426F010EC0
:1019D000456FF6C846FF40870001CEEF02F0DBEF0F
:1019E00002F00901515304E10001E7EF02F009019F
:1019F000042D03D00001F4EF02F000011FD608010E
:101A0000EE518A0804E1EF5302E166CFF2F8EE519D
:101A1000C50815E1EF5313E166CFFCF867CFFBF87B
:101A200068CFFDF869CFFFF86ACFFEF86BCF00F9F9
:101A3000036A6CCF01F9090103C002F90801EE51F4
:101A4000C6080DE1EF530BE166CF07F967CF08F940
:101A50000901066B68CF05F969CF09F90801EE5154
:101A6000930806E1EF5304E168CF1CF969CF1BF935
:101A7000EE51920827E1EF5325E166CF02F967CFD7
:101A800001F902C947FA01C946FA0A01496B0A0E6F
:101A9000486F000113D602C002F901C001F968CFF6
:101AA0001EF969CF1DF91EC947FA1DC946FA0A0178
:101AB000496B0A0E486F00013EDE02C01EF901C0EC
:101AC0001DF90801EE51BA080CE1EF530AE166CFA7
:101AD000FAF867CFF9F8F86B68CFF7F800014ED63F
:101AE0000801609EA490000132EF00F009015051FE
:101AF000770802E3502B03D0506B010E4F6F482D37
:101B000005D0492B493D02D0496B3A6B4A2B4A3DDF
:101B100005D04B2B4B51040801E14B6B4C2D4ED0A3
:101B20004D2B4D51FA084AE14D6B4E2B4E51050895
:101B300045E14E6B5DC846FA0A01476B0F0E496FCF
:101B4000890E486F000172EC03F05DC846FA0A0185
:101B5000476B0F0E496F920E486F000172EC03F055
:101B60005CC846FA0A01476B0F0E496F890E486F31
:101B7000000172EC03F05CC846FA0A01476B0F0ED5
:101B8000496F920E486F000172EC03F05BC846FA91
:101B90000A01476B0F0E496F890E486F000172EC06
:101BA00003F05BC846FA0A01476B0F0E496F920EAD
:101BB000486F000172EC03F009014C6B9E9200012A
:101BC00032EF00F009015A39700B006ED8900036E0
:101BD0001F0E6F1400106F6E6ECF00F0003A0030D1
:101BE000070B5A5DF9E10001000CC00E70140409E6
:101BF000706E3F0E7014706EF80E71140209716EE3
:101C0000C70E71142809716E719C718EF80E7214D2
:101C10000509726E729CADEF0EF05BC962F95AC98C
:101C200061F90901605352E061C9E9FF62C9EAFF45
:101C30005CC9EFFF6151D8B46207610761C9E9FF70
:101C400062C9EAFF5DC9EFFF6151D8B4620761075D
:101C500061C9E9FF62C9EAFF5E51030BEF6E61C91A
:101C6000E9FF62C9EAFF5EC900F0003600360036BF
:101C7000F80E00160050E00BEF10EF6E61C9E9FF9F
:101C800062C9EAFFEF500809EF6E6151D8B46207EC
:101C9000610761C9E9FF62C9EAFF5EC900F0003A65
:101CA0000032070E00160050070BEF6E61C9E9FF06
:101CB00062C9EAFF5FC900F0003600360036F80E50
:101CC00000160050F80BEF10EF6E3FD061C9E9FF2E
:101CD00062C9EAFFEF6A6151D8B46207610761C95E
:101CE000E9FF62C9EAFFEF6A6151D8B46207610790
:101CF00061C9E9FF62C9EAFF5CC900F0003A003639
:101D0000E00E00160050E00BEF6E6151D8B4620790
:101D1000610761C9E9FF62C9EAFF5CC900F00032EE
:101D2000003200321F0E001600501F0BEF6E61C90B
:101D3000E9FF62C9EAFF5DC900F0003A0036E00E33
:101D400000160050E00BEF10EF6E0001000C040EC7
:101D500009015A6F000136DF48D7606A9F0E601490
:101D6000606E608460CF50FF739A7398739E739C0B
:101D70000F0E09015B6F1B0E5A6F5F6B5E6B5D6B25
:101D80005C6B606B000149DF0F0E09015B6F030E96
:101D90005A6F5F6B5E6B5D6B5C6B606B00013DDF70
:101DA0000F0E09015B6F070E5A6F5F6B5E6B5D6B09
:101DB0005C6B606B000131DF0F0E09015B6F1F0E62
:101DC0005A6F5F6B5E6B5D6B5C6B606B000125DF58
:101DD0000F0E09015B6F0B0E5A6F5F6B5E6B5D6BD5
:101DE0005C6B606B000119DF0F0E09015B6F5A6FAE
:101DF0005F6B5E6B5D6B5C6B606B00010EDF0F0EEB
:101E000009015B6F130E5A6F5F6B5E6B5D6B5C6BF2
:101E1000606B000102DF0F0E09015B6F170E5A6F36
:101E20005F6B5E6B5D6B5C6B606B0001F6DE93500D
:101E3000FB0B08090901936E5A6B0001C3DE26EF04
:101E40000FF0F29CF29EF2BEFDD781D7040E09017D
:101E50005A6F0001B7DEC00E70140109706E3F0E9C
:101E60007014706EF80E71140109716EC70E711442
:101E70002009716E719C718EF80E72140109726ED8
:101E8000729C200E736E09015A6B00019BDEA380C9
:101E9000C00EF212BDEF10F095948C84949A8B8A48
:101EA00094988B8895968C8694948B8495928C824A
:101EB00095908C8094968B86000C090EEA6E5B0ED2
:101EC000E96EEF500DE0060E016E006A002EFED79F
:101ED000012EFBD77B0E006E002EFED7EF2EF3D720
:101EE000000C96908D90050E09015B6F0001E5DFF7
:101EF00096908D80050E09015B6F0001DEDF000CFE
:101F000096928D9292988998929A899A0801676B15
:101F1000666B665309E1675307E10001E2DF0801E0
:101F2000662BD8B4672BF5D70001000C96948D94DE
:101F300095988C98320E09015B6F0001BEDF959871
:101F40008C8896948D94959A8C9A176AF2BE178E07
:101F5000F29EA20E0B01036F00013DEC06F017BECE
:101F6000F28E176AF2BE178EF29EA10E0B01036F5E
:101F700000013DEC06F017BEF28E176AF2BE178E16
:101F8000F29EC00E0B01036F00013DEC06F017BE80
:101F9000F28E010E04014E6F176AF2BE178EF29E8A
:101FA000230E0B01036F00013DEC06F017BEF28E0D
:101FB000176AF2BE178EF29E2F0E0B01036F0001FF
:101FC0003DEC06F017BEF28E176AF2BE178EF29E37
:101FD000810E0B01036F00013DEC06F017BEF28E7F
:101FE000176AF2BE178EF29E1F0E0B01036F0001DF
:101FF0003DEC06F017BEF28E176AF2BE178EF29E07
:10200000400E0B01036F00013DEC06F017BEF28E8F
:10201000176AF2BE178EF29EAF0E0B01036F00011E
:102020003DEC06F017BEF28E96948D84C9EF10F049
:1020300009015B6B010E5A6F5B5103080BE34F0EF6
:102040005A25E96E040E5B21EA6EEF6A5A2BD8B46A
:102050005B2BF2D75C6B5C5107083AE35C51B0092B
:102060005E6F176AF2BE178EF29EE8CF03FB000187
:102070003DEC06F017BEF28E176AF2BE178EF29E86
:102080000B01036B00013DEC06F017BEF28E176AE0
:10209000F2BE178EF29E100E0B01036F00013DEC95
:1020A00006F017BEF28E09015D6B5D5183080EE3E9
:1020B000176AF2BE178EF29E0B01026B000188ECCC
:1020C00006F017BEF28E09015D2BEFD75C2BC3D74C
:1020D0000001000C09015A51070803E35B513F0856
:1020E00001E225D05A5120095C6F176AF2BE178EA3
:1020F000F29EE8CF03FB00013DEC06F017BEF28E26
:10210000176AF2BE178EF29E810E0B01036F00015B
:102110003DEC06F017BEF28E176AF2BE178EF29EE5
:102120005BC903FB3DEC06F017BEF28E090100010E
:10213000DBEF10F0176AF2BE178EF29E5DC846FA0A
:102140000A01476B0F0E496F890E486F000172EC50
:1021500003F017BEF28E176AF2BE178EF29E5DC8AC
:1021600046FA0A01476B0F0E496F920E486F000145
:1021700072EC03F017BEF28E64D68EDEC1DE9D8255
:10218000F18CC00EF212480E0509CA6EFA0ECB6E23
:10219000CDD6C80E09015B6F00018FDE49DFC80E86
:1021A00009015B6F000189DE060E09015A6F190EE5
:1021B0005B6F00018FD7176AF2BE178EF29E0A017D
:1021C000FE6B010EFD6F0B01006B0A01FF6F0B012F
:1021D000026B800E016F046B400E036F056B0001F4
:1021E000A1EC04F017BEF28E176AF2BE178EF29EB3
:1021F0005CC846FA010E0A01476F0F0E496F890E3F
:10220000486F000172EC03F017BEF28E176AF2BE3F
:10221000178EF29E5CC846FA0A01476B0F0E496F93
:10222000920E486F000172EC03F017BEF28E176A2F
:10223000F2BE178EF29E5BC846FA010E0A01476F86
:102240000F0E496F890E486F000172EC03F017BE44
:10225000F28E176AF2BE178EF29E5BC846FA0A012A
:10226000476B0F0E496F920E486F000172EC03F03E
:1022700017BEF28E010E09014C6F000124EF48F0E9
:10228000090EEA6E5A0EE96EF2CF71F9F29E0E0E49
:10229000016EF76A000E83EC02F00A000900F5CF28
:1022A000EEFF012EFBD7090171BFF28E176AF2BE55
:1022B000178EF29E090E0B01006F5A0E0A01FF6F76
:1022C000010E0B01016F026F046B180E036F010EFC
:1022D000056F0001F6EC05F017BEF28E090EEA6EEE
:1022E0005A0EE96EF2CF71F9F29E150E016EF76A81
:1022F000000E99EC02F00A000900F5CFEEFF012E66
:10230000FBD7090171BFF28E176AF2BE178EF29EDB
:10231000090E0B01006F5A0E0A01FF6F010E0B012F
:10232000016F0A0E026F046B180E036F010E056F2A
:102330000001F6EC05F017BEF28E090EEA6E5A0E99
:10234000E96EF2CF71F9F29E170E016EF76A000E78
:10235000B3EC02F00A000900F5CFEEFF012EFBD727
:10236000090171BFF28E176AF2BE178EF29E090E36
:102370000B01006F5A0E0A01FF6F010E0B01016F76
:10238000140E026F046B180E036F010E056F00012F
:10239000F6EC05F017BEF28E176AF2BE178EF29EAB
:1023A000A9EC06F017BEF28E26EF48F00801F36B99
:1023B0000901516B0801F46B0901236B036B010EDA
:1023C0003B6F3F6F3D6F3C6B3E6B0801F46B090147
:1023D000236B000161DD94DD3DEF48F0010E090142
:1023E0006E25776F000E6F21786F010E725D796F29
:1023F000000E73597A6F176AF2BE178EF29E78C973
:1024000007FB77C906FB71C909FB70C908FBE8CF58
:102410000BFB79C90AFB71C90DFB70C90CFB76C9AE
:102420000EFB0001F5EC03F017BEF28E010E090160
:102430007025776F000E7121786F010E745D796FD2
:10244000000E75597A6F176AF2BE178EF29E6FC929
:1024500007FB6EC906FB78C909FB77C908FB6FC982
:102460000BFB6EC90AFBE8CF0DFB79C90CFB76C9E3
:102470000EFB0001F5EC03F017BEF28E010E090110
:102480006E25776F000E6F21786F010E725D796F88
:10249000000E73597A6F176AF2BE178EF29E78C9D2
:1024A00007FB77C906FB75C909FB74C908FBE8CFB0
:1024B0000BFB79C90AFB75C90DFB74C90CFB76C906
:1024C0000EFB0001F5EC03F017BEF28E010E0901C0
:1024D0007025776F000E7121786F010E745D796F32
:1024E000000E75597A6F176AF2BE178EF29E73C985
:1024F00007FB72C906FB78C909FB77C908FB73C9DA
:102500000BFB72C90AFBE8CF0DFB79C90CFB76C93E
:102510000EFB0001F5EC03F017BEF28E000C176AFB
:10252000F2BE178EF29E0A01FE6B010EFD6F0B01CB
:10253000006B0A01FF6F0B01026B820E016F046BCF
:10254000400E036F056B0001A1EC04F017BEF28E84
:10255000090EEA6E5A0EE96EF2CF6EF9F29E140E73
:10256000016EF76A000E0CEC02F00A000900F5CFCC
:10257000EEFF012EFBD709016EBFF28E176AF2BE85
:10258000178EF29E090E0B01006F5A0E0A01FF6FA3
:102590000A0E0B01016F030E026F046B180E036F1E
:1025A000010E056F0001F6EC05F017BEF28E176AFA
:1025B000F2BE178EF29E0B01076B010E066F096BC0
:1025C0000E0E086F0B6B800E0A6F0D6B0E0E0C6FEC
:1025D000010E0E6F0001F5EC03F017BEF28E090E2E
:1025E000EA6E5A0EE96EF2CF6EF9F29E0D0E016E92
:1025F000F76A000E25EC02F00A000900F5CFEEFFA5
:10260000012EFBD709016EBFF28E176AF2BE178E3C
:10261000F29E090E0B01006F5A0E0A01FF6F0E0E9B
:102620000B01016F1E0E026F046B180E036F010E7B
:10263000056F0001F6EC05F017BEF28E440E09019D
:102640005A6F610E5B6F6D0E5C6F650E5D6F5E6B3A
:10265000176AF2BE178EF29E090E0B01006F5A0E1A
:102660000A01FF6F140E0B01016F026F046B180E4D
:10267000036F010E056F0001F6EC05F017BEF28E38
:1026800009016F6B0E0E6E6F716B300E706F736B96
:10269000720E726F756B3F0E746F010E766F0001D4
:1026A0009DDE176AF2BE178EF29EA9EC06F017BEE9
:1026B000F28E5AEF48F009015A51070B006E5A3159
:1026C000016E013201321F0E011601505B25E96EC9
:1026D000000E5C21EA6EEFCF01F0002A01D001323A
:1026E000002EFDD70001000C176AF2BE178EF29E75
:1026F00055C846FA010E0A01476F0F0E496F920E38
:10270000486F000172EC03F017BEF28E55C85AF9FB
:102710000F0E09015C6F800E5B6F0001CCDF01A022
:102720005CD0176AF2BE178EF29E57C846FA010EA9
:102730000A01476F0F0E496F920E486F000172EC4D
:1027400003F017BEF28E57C85AF90F0E09015C6FDD
:10275000800E5B6F0001AFDF01A03FD0176AF2BEB1
:10276000178EF29E55C846FA010E0A01476F0F0EEA
:10277000496F920E486F000172EC03F017BEF28EA3
:1027800055C85AF90F0E09015C6F800E5B6F00018E
:1027900092DF01A022D0176AF2BE178EF29E57C8B0
:1027A00046FA010E0A01476F0F0E496F920E486FED
:1027B000000172EC03F017BEF28E57C85AF90F0EE3
:1027C00009015C6F800E5B6F000175DF01A005D011
:1027D000010E09013A6F0001C1D7010E0901486FCE
:1027E00000015CEF48F009014B531CE1176AF2BE8F
:1027F000178EF29E0A01FE6B660EFD6F0B01006BD9
:102800001E0E0A01FF6F0B01026B800E016F046B3D
:102810002A0E036F056B0001A1EC04F017BEF28EC7
:10282000BCD009014B51010A000105E0030A33E065
:10283000010A61E090D0090EEA6E5A0EE96EF2CFFD
:102840006DF9F29E0F0E016EF76A000E3BEC02F07E
:102850000A000900F5CFEEFF012EFBD709016DBF7D
:10286000F28E176AF2BE178EF29E090E0B01006FF0
:102870005A0E0A01FF6F0E0E0B01016F1E0E026F42
:10288000046B180E036F010E056F0001F6EC05F0E6
:1028900017BEF28E60D0090EEA6E5A0EE96EF2CFC4
:1028A0006DF9F29E110E016EF76A000E52EC02F005
:1028B0000A000900F5CFEEFF012EFBD709016DBF1D
:1028C000F28E176AF2BE178EF29E090E0B01006F90
:1028D0005A0E0A01FF6F0E0E0B01016F1E0E026FE2
:1028E000046B180E036F010E056F0001F6EC05F086
:1028F00017BEF28E30D0090EEA6E5A0EE96EF2CF94
:102900006DF9F29E130E016EF76A000E6AEC02F08A
:102910000A000900F5CFEEFF012EFBD709016DBFBC
:10292000F28E176AF2BE178EF29E090E0B01006F2F
:102930005A0E0A01FF6F0E0E0B01016F1E0E026F81
:10294000046B180E036F010E056F0001F6EC05F025
:1029500017BEF28E00D0440E09015A6F610E5B6FF4
:102960006D0E5C6F650E5D6F5E6B176AF2BE178E43
:10297000F29E090E0B01006F5A0E0A01FF6F140E32
:102980000B01016F026F046B180E036F010E056FD0
:102990000001F6EC05F017BEF28E176AF2BE178E34
:1029A000F29EA9EC06F017BEF28EADEF48F0006A79
:1029B000016A026A036A0901696B6A6B6B6B6C6B73
:1029C00068516711661165112CE0200E6D6FD8906B
:1029D000613762376337643769376A376B376C370B
:1029E00068516C5D08E167516B5D05E166516A5D98
:1029F00002E16551695D0FE36551695F6651D8A0D9
:102A0000663D6A5F6751D8A0673D6B5F6851D8A08B
:102A1000683D6C5FD88000360136023603366D2F74
:102A2000D6D7090EEA6E690EE96E0001000C176A2E
:102A3000F2BE178EF29E60C947FA5FC946FA030ECE
:102A40000A01496FE80E486F00019BEC0BF017BEBE
:102A5000F28E02C075F801C074F8176AF2BE178EC4
:102A6000F29E60C947FA5FC946FA030E0A01496F30
:102A7000E80E486F00019BEC0BF017BEF28E00C011
:102A80006CF8080103C06DF86E6B6F6B6FC864F96A
:102A90006EC863F96DC862F96CC861F90901686BA9
:102AA000676B666B640E656F000181DF01C073F8B0
:102AB00000C072F86FC864F96EC863F96DC862F936
:102AC0006CC861F90901686B676B666B640E656FB2
:102AD00000016DDFEFCF6CF8ECCF6DF8ECCF6EF846
:102AE000ECCF6FF86FC864F96EC863F96DC862F90E
:102AF0006CC861F90901686B676B666B0A0E656FDC
:102B0000000155DF00C071F86FC864F96EC863F941
:102B10006DC862F96CC861F90901686B676B666B17
:102B20000A0E656F000143DFEFCF70F8000C176AE3
:102B3000F2BE178EF29E0A01FE6B0E0EFD6F0B01A8
:102B4000006B300E0A01FF6F0B01026B720E016FFA
:102B5000046B3F0E036F056B0001A1EC04F017BE80
:102B6000F28E09016F6B0E0E6E6F716B300E706F0F
:102B7000736B720E726F756B3F0E746F010E766F12
:102B800000012CDC0901606BFDC85FF900014FDF1B
:102B90000E0E0801FD2509015A6F176AF2BE178E45
:102BA000F29E0A01FE6B0E0EFD6F0B01006B310EE3
:102BB0000A01FF6F0B01026B5AC901FB046B3E0E49
:102BC000036F010E056F0001A1EC04F017BEF28E39
:102BD000176AF2BE178EF29EA9EC06F017BEF28EAF
:102BE000B2EF48F009013B530BE13D51020802E10D
:102BF000010E3C6F3D51020802E2010E3E6F0DD006
:102C00003B5102080AE13D51020802E1020E3C6F0D
:102C10003D51020802E2020E3E6F000169EF1FF013
:102C2000176AF2BE178EF29E0A01476B190E466FA5
:102C3000496B150E486F4B6B680E4A6F4D6B2B0E30
:102C40004C6F010E4E6F0001CCEC04F017BEF28EFB
:102C5000176AF2BE178EF29E0A01476B180E466F76
:102C6000496B140E486F4B6B690E4A6F4D6B2C0EFF
:102C70004C6F010E4E6F0001CCEC04F017BEF28ECB
:102C8000176AF2BE178EF29E0B01076B400E066F9D
:102C9000096B0C0E086F0B6B400E0A6F0D6B0C0E60
:102CA0000C6F010E0E6F0001F5EC03F017BEF28EF3
:102CB000176AF2BE178EF29E0B01076B3F0E066F6E
:102CC000096B0D0E086F0B6B410E0A6F0D6B0D0E2D
:102CD0000C6F010E0E6F0001F5EC03F017BEF28EC3
:102CE000176AF2BE178EF29E0B01076B3E0E066F3F
:102CF000096B0E0E086F0B6B420E0A6F0D6B0E0EFA
:102D00000C6F010E0E6F0001F5EC03F017BEF28E92
:102D1000176AF2BE178EF29E0B01076B3D0E066F0F
:102D2000096B0F0E086F0B6B430E0A6F0D6B0F0EC6
:102D30000C6F010E0E6F0001F5EC03F017BEF28E62
:102D4000176AF2BE178EF29E0B01076B3C0E066FE0
:102D5000096B100E086F0B6B440E0A6F0D6B100E93
:102D60000C6F010E0E6F0001F5EC03F017BEF28E32
:102D7000176AF2BE178EF29E0B01076B3B0E066FB1
:102D8000096B110E086F0B6B450E0A6F0D6B110E60
:102D90000C6F010E0E6F0001F5EC03F017BEF28E02
:102DA000176AF2BE178EF29E0B01076B400E066F7C
:102DB000096B340E086F0B6B400E0A6F0D6B340EEF
:102DC0000C6F010E0E6F0001F5EC03F017BEF28ED2
:102DD000176AF2BE178EF29E0B01076B3F0E066F4D
:102DE000096B330E086F0B6B410E0A6F0D6B330EC0
:102DF0000C6F010E0E6F0001F5EC03F017BEF28EA2
:102E0000176AF2BE178EF29E0B01076B3E0E066F1D
:102E1000096B320E086F0B6B420E0A6F0D6B320E90
:102E20000C6F010E0E6F0001F5EC03F017BEF28E71
:102E3000176AF2BE178EF29E0B01076B3D0E066FEE
:102E4000096B310E086F0B6B430E0A6F0D6B310E61
:102E50000C6F010E0E6F0001F5EC03F017BEF28E41
:102E6000176AF2BE178EF29E0B01076B3C0E066FBF
:102E7000096B300E086F0B6B440E0A6F0D6B300E32
:102E80000C6F010E0E6F0001F5EC03F017BEF28E11
:102E9000176AF2BE178EF29E0B01076B3B0E066F90
:102EA000096B2F0E086F0B6B450E0A6F0D6B2F0E03
:102EB0000C6F010E0E6F0001F5EC03F017BEF28EE1
:102EC000176AF2BE178EF29E0B01076B150E066F86
:102ED000096B1B0E086F0B6B150E0A6F0D6B250E21
:102EE0000C6F010E0E6F0001F5EC03F017BEF28EB1
:102EF000176AF2BE178EF29E0B01076B140E066F57
:102F0000096B1C0E086F0B6B140E0A6F0D6B240EF1
:102F10000C6F010E0E6F0001F5EC03F017BEF28E80
:102F2000176AF2BE178EF29E0B01076B130E066F27
:102F3000096B1D0E086F0B6B130E0A6F0D6B230EC2
:102F40000C6F010E0E6F0001F5EC03F017BEF28E50
:102F5000176AF2BE178EF29E0B01076B120E066FF8
:102F6000096B1E0E086F0B6B120E0A6F0D6B220E93
:102F70000C6F010E0E6F0001F5EC03F017BEF28E20
:102F8000176AF2BE178EF29E0B01076B110E066FC9
:102F9000096B1F0E086F0B6B110E0A6F0D6B210E64
:102FA0000C6F010E0E6F0001F5EC03F017BEF28EF0
:102FB000176AF2BE178EF29E0B01076B100E066F9A
:102FC000096B200E086F0B6B100E0A6F0D6B200E35
:102FD0000C6F010E0E6F0001F5EC03F017BEF28EC0
:102FE000176AF2BE178EF29E0B01076B6C0E066F0E
:102FF000096B1B0E086F0B6B6C0E0A6F0D6B250EA9
:103000000C6F010E0E6F0001F5EC03F017BEF28E8F
:10301000176AF2BE178EF29E0B01076B6D0E066FDC
:10302000096B1C0E086F0B6B6D0E0A6F0D6B240E77
:103030000C6F010E0E6F0001F5EC03F017BEF28E5F
:10304000176AF2BE178EF29E0B01076B6E0E066FAB
:10305000096B1D0E086F0B6B6E0E0A6F0D6B230E46
:103060000C6F010E0E6F0001F5EC03F017BEF28E2F
:10307000176AF2BE178EF29E0B01076B6F0E066F7A
:10308000096B1E0E086F0B6B6F0E0A6F0D6B220E15
:103090000C6F010E0E6F0001F5EC03F017BEF28EFF
:1030A000176AF2BE178EF29E0B01076B700E066F49
:1030B000096B1F0E086F0B6B700E0A6F0D6B210EE4
:1030C0000C6F010E0E6F0001F5EC03F017BEF28ECF
:1030D000176AF2BE178EF29E0B01076B710E066F18
:1030E000096B200E086F0B6B710E0A6F0D6B200EB3
:1030F0000C6F010E0E6F0001F5EC03F017BEF28E9F
:10310000010E09013D5DFA0FD8B041EF1FF0060F27
:1031100000014CEF1FF0720E09015A6F740E5B6FC5
:10312000640E5C6F5D6B176AF2BE178EF29E090E1D
:103130000B01006F5A0E0A01FF6F740E0B01016F35
:103140001B0E026F046B180E036F010E056F00015A
:10315000F6EC05F017BEF28E720E09015A6F740E6E
:103160005B6F640E5C6F5D6B176AF2BE178EF29E2A
:10317000090E0B01006F5A0E0A01FF6F010E0B01C1
:10318000016F1B0E026F046B180E036F010E056FAB
:103190000001F6EC05F017BEF28E090EEA6E5A0E2B
:1031A000E96EF2CF67F9F29E0A0E016EF76A000E21
:1031B00094EC01F00A000900F5CFEEFF012EFBD7D9
:1031C000090167BFF28E176AF2BE178EF29E090ED2
:1031D0000B01006F5A0E0A01FF6F240E0B01016FE5
:1031E000010E026F046B180E036F010E056F0001D4
:1031F000F6EC05F017BEF28E090EEA6E5A0EE96E75
:10320000F2CF67F9F29E090E016EF76A000EA8EC84
:1032100001F00A000900F5CFEEFF012EFBD70901EE
:1032200067BFF28E176AF2BE178EF29E090E0B016F
:10323000006F5A0E0A01FF6F260E0B01016F1B0E65
:10324000026F046B180E036F010E056F0001F6ECA0
:1032500005F017BEF28E090EEA6E5A0EE96EF2CF35
:1032600067F9F29E070E016EF76A000EBCEC01F0E2
:103270000A000900F5CFEEFF012EFBD7090167BF59
:10328000F28E176AF2BE178EF29E090E0B01006FC6
:103290005A0E0A01FF6F2B0E0B01016F360E026FE3
:1032A000046B180E036F010E056F0001F6EC05F0BC
:1032B00017BEF28E090141EF1FF0450E09015A6F4A
:1032C0005B6B176AF2BE178EF29E090E0B01006F40
:1032D0005A0E0A01FF6F740E0B01016F0C0E026F84
:1032E000046B180E036F010E056F0001F6EC05F07C
:1032F00017BEF28E540E09015A6F5B6B176AF2BE4D
:10330000178EF29E090E0B01006F5A0E0A01FF6F15
:10331000740E0B01016F160E026F046B180E036F13
:10332000010E056F0001F6EC05F017BEF28E410E9E
:1033300009015A6F5B6B176AF2BE178EF29E090E77
:103340000B01006F5A0E0A01FF6F740E0B01016F23
:10335000200E026F046B180E036F010E056F000143
:10336000F6EC05F017BEF28E530E09015A6F5B6B37
:10337000176AF2BE178EF29E090E0B01006F5A0EED
:103380000A01FF6F740E0B01016F2A0E026F046BAE
:10339000180E036F010E056F0001F6EC05F017BE65
:1033A000F28E440E09015A6F5B6B176AF2BE178EDC
:1033B000F29E090E0B01006F5A0E0A01FF6F070EF5
:1033C0000B01016F0C0E026F046B180E036F010EE0
:1033D000056F0001F6EC05F017BEF28E410E0901F3
:1033E0005A6F5B6B176AF2BE178EF29E090E0B01C5
:1033F000006F5A0E0A01FF6F070E0B01016F160EC8
:10340000026F046B180E036F010E056F0001F6ECDE
:1034100005F017BEF28E530E09015A6F5B6B176AE7
:10342000F2BE178EF29E090E0B01006F5A0E0A01B2
:10343000FF6F070E0B01016F200E026F046B180E59
:10344000036F010E056F0001F6EC05F017BEF28E5A
:10345000480E09015A6F5B6B176AF2BE178EF29E17
:10346000090E0B01006F5A0E0A01FF6F070E0B01C8
:10347000016F2A0E026F046B180E036F010E056FA9
:103480000001F6EC05F017BEF28E090EEA6E5A0E38
:10349000E96EF2CF67F9F29E090E016EF76A000E2F
:1034A000A8EC01F00A000900F5CFEEFF012EFBD7D2
:1034B000090167BFF28E176AF2BE178EF29E090EDF
:1034C0000B01006F5A0E0A01FF6F260E0B01016FF0
:1034D000010E026F046B180E036F010E056F0001E1
:1034E000F6EC05F017BEF28E090EEA6E5A0EE96E82
:1034F000F2CF67F9F29E070E016EF76A000EBCEC80
:1035000001F00A000900F5CFEEFF012EFBD70901FB
:1035100067BFF28E176AF2BE178EF29E090E0B017C
:10352000006F5A0E0A01FF6F2D0E0B01016F1B0E6B
:10353000026F046B180E036F010E056F0001F6ECAD
:1035400005F017BEF28E090EEA6E5A0EE96EF2CF42
:1035500067F9F29E0D0E016EF76A000ECFEC01F0D6
:103560000A000900F5CFEEFF012EFBD7090167BF66
:10357000F28E176AF2BE178EF29E090E0B01006FD3
:103580005A0E0A01FF6F1B0E0B01016F360E026F00
:10359000046B180E036F010E056F0001F6EC05F0C9
:1035A00017BEF28E090141EF1FF0176AF2BE178EA7
:1035B000F29E0A01FE6B1A0EFD6F0B01006B160ED8
:1035C0000A01FF6F0B01026B670E016F046B2A0E7D
:1035D000036F056B0001A1EC04F017BEF28E176AB1
:1035E000F2BE178EF29E0A01FE6B1A0EFD6F0B01E2
:1035F000006B360E0A01FF6F0B01026B670E016F45
:10360000046B4A0E036F056B0001A1EC04F017BEBA
:10361000F28E176AF2BE178EF29E0A01FE6B1A0E28
:10362000FD6F0B01006B010E0A01FF6F0B01026BB6
:10363000670E016F046B0B0E036F056B0001A1ECAD
:1036400004F017BEF28E520E09015A6F310E5B6FF5
:103650005C6B176AF2BE178EF29E090E0B01006FAB
:103660005A0E0A01FF6F010E0B01016F1B0E026F54
:10367000046B180E036F010E056F0001F6EC05F0E8
:1036800017BEF28E520E09015A6F320E5B6F5C6BE1
:10369000176AF2BE178EF29E090E0B01006F5A0ECA
:1036A0000A01FF6F760E0B01016F1B0E026F046B98
:1036B000180E036F010E056F0001F6EC05F017BE42
:1036C000F28E090EEA6E5A0EE96EF2CF67F9F29E9B
:1036D000070E016EF76A000EBCEC01F00A0009004B
:1036E000F5CFEEFF012EFBD7090167BFF28E176AF7
:1036F000F2BE178EF29E090E0B01006F5A0E0A01E0
:10370000FF6F2B0E0B01016F010E026F046B180E81
:10371000036F010E056F0001F6EC05F017BEF28E87
:10372000090EEA6E5A0EE96EF2CF67F9F29E0D0E9F
:10373000016EF76A000ECFEC01F00A000900F5CF28
:10374000EEFF012EFBD7090167BFF28E176AF2BEAA
:10375000178EF29E090E0B01006F5A0E0A01FF6FC1
:103760001B0E0B01016F026F046B180E036F010E2D
:10377000056F0001F6EC05F017BEF28E090EEA6E39
:103780005A0EE96EF2CF67F9F29E080E016EF76AE3
:10379000000EE5EC01F00A000900F5CFEEFF012E66
:1037A000FBD7090167BFF28E176AF2BE178EF29E31
:1037B000090E0B01006F5A0E0A01FF6F2B0E0B0151
:1037C000016F360E026F046B180E036F010E056F4A
:1037D0000001F6EC05F017BEF28E090152D3176A0C
:1037E000F2BE178EF29E0A01FE6B1A0EFD6F0B01E0
:1037F000006B160E0A01FF6F0B01026B670E016F63
:10380000046B2A0E036F056B0001A1EC04F017BED8
:10381000F28E176AF2BE178EF29E0A01FE6B1A0E26
:10382000FD6F0B01006B360E0A01FF6F0B01026B7F
:10383000670E016F046B4A0E036F056B0001A1EC6C
:1038400004F017BEF28E176AF2BE178EF29E0A01BE
:10385000FE6B1A0EFD6F0B01006B010E0A01FF6F6C
:103860000B01026B670E016F046B0B0E036F056B90
:103870000001A1EC04F017BEF28E520E09015A6F3E
:10388000310E5B6F5C6B176AF2BE178EF29E090EEB
:103890000B01006F5A0E0A01FF6F010E0B01016F41
:1038A0001B0E026F046B180E036F010E056F0001F3
:1038B000F6EC05F017BEF28E520E09015A6F320E69
:1038C0005B6F5C6B176AF2BE178EF29E090E0B01DE
:1038D000006F5A0E0A01FF6F760E0B01016F1B0E6F
:1038E000026F046B180E036F010E056F0001F6ECFA
:1038F00005F017BEF28E090EEA6E5A0EE96EF2CF8F
:1039000067F9F29E0D0E016EF76A000ECFEC01F022
:103910000A000900F5CFEEFF012EFBD7090167BFB2
:10392000F28E176AF2BE178EF29E090E0B01006F1F
:103930005A0E0A01FF6F1B0E0B01016F010E026F81
:10394000046B180E036F010E056F0001F6EC05F015
:1039500017BEF28E090EEA6E5A0EE96EF2CF67F9C3
:10396000F29E080E016EF76A000EE5EC01F00A0007
:103970000900F5CFEEFF012EFBD7090167BFF28EDC
:10398000176AF2BE178EF29E090E0B01006F5A0ED7
:103990000A01FF6F2B0E0B01016F1B0E026F046BF0
:1039A000180E036F010E056F0001F6EC05F017BE4F
:1039B000F28E090EEA6E5A0EE96EF2CF67F9F29EA8
:1039C0000A0E016EF76A000EF8EC01F00A00090019
:1039D000F5CFEEFF012EFBD7090167BFF28E176A04
:1039E000F2BE178EF29E090E0B01006F5A0E0A01ED
:1039F000FF6F230E0B01016F360E026F046B180E62
:103A0000036F010E056F0001F6EC05F017BEF28E94
:103A1000090137D2176AF2BE178EF29E0A01FE6BB9
:103A20001A0EFD6F0B01006B160E0A01FF6F0B01E2
:103A3000026B670E016F046B2A0E036F056B0001AA
:103A4000A1EC04F017BEF28E176AF2BE178EF29E3A
:103A50000A01FE6B1A0EFD6F0B01006B360E0A0198
:103A6000FF6F0B01026B670E016F046B4A0E036F51
:103A7000056B0001A1EC04F017BEF28E176AF2BECE
:103A8000178EF29E0A01FE6B1A0EFD6F0B01006B82
:103A9000010E0A01FF6F0B01026B670E016F046BD1
:103AA0000B0E036F056B0001A1EC04F017BEF28E44
:103AB000520E09015A6F310E5B6F5C6B176AF2BED2
:103AC000178EF29E090E0B01006F5A0E0A01FF6F4E
:103AD000010E0B01016F1B0E026F046B180E036FBA
:103AE000010E056F0001F6EC05F017BEF28E520EC6
:103AF00009015A6F320E5B6F5C6B176AF2BE178E4C
:103B0000F29E090E0B01006F5A0E0A01FF6F760E2E
:103B10000B01016F1B0E026F046B180E036F010E79
:103B2000056F0001F6EC05F017BEF28E090EEA6E85
:103B30005A0EE96EF2CF67F9F29E080E016EF76A2F
:103B4000000EE5EC01F00A000900F5CFEEFF012EB2
:103B5000FBD7090167BFF28E176AF2BE178EF29E7D
:103B6000090E0B01006F5A0E0A01FF6F2B0E0B019D
:103B7000016F010E026F046B180E036F010E056FCB
:103B80000001F6EC05F017BEF28E090EEA6E5A0E31
:103B9000E96EF2CF67F9F29E0A0E016EF76A000E27
:103BA000F8EC01F00A000900F5CFEEFF012EFBD77B
:103BB000090167BFF28E176AF2BE178EF29E090ED8
:103BC0000B01006F5A0E0A01FF6F230E0B01016FEC
:103BD0001B0E026F046B180E036F010E056F0001C0
:103BE000F6EC05F017BEF28E090EEA6E5A0EE96E7B
:103BF000F2CF67F9F29E0A0E016EF76A000E94EC9E
:103C000001F00A000900F5CFEEFF012EFBD70901F4
:103C100067BFF28E176AF2BE178EF29E090E0B0175
:103C2000006F5A0E0A01FF6F240E0B01016F360E52
:103C3000026F046B180E036F010E056F0001F6ECA6
:103C400005F017BEF28E09011CD1176AF2BE178E5D
:103C5000F29E0A01FE6B1A0EFD6F0B01006B160E31
:103C60000A01FF6F0B01026B670E016F046B2A0ED6
:103C7000036F056B0001A1EC04F017BEF28E176A0A
:103C8000F2BE178EF29E0A01FE6B1A0EFD6F0B013B
:103C9000006B360E0A01FF6F0B01026B670E016F9E
:103CA000046B4A0E036F056B0001A1EC04F017BE14
:103CB000F28E176AF2BE178EF29E0A01FE6B1A0E82
:103CC000FD6F0B01006B010E0A01FF6F0B01026B10
:103CD000670E016F046B0B0E036F056B0001A1EC07
:103CE00004F017BEF28E520E09015A6F310E5B6F4F
:103CF0005C6B176AF2BE178EF29E090E0B01006F05
:103D00005A0E0A01FF6F010E0B01016F1B0E026FAD
:103D1000046B180E036F010E056F0001F6EC05F041
:103D200017BEF28E520E09015A6F320E5B6F5C6B3A
:103D3000176AF2BE178EF29E090E0B01006F5A0E23
:103D40000A01FF6F760E0B01016F1B0E026F046BF1
:103D5000180E036F010E056F0001F6EC05F017BE9B
:103D6000F28E090EEA6E5A0EE96EF2CF67F9F29EF4
:103D70000A0E016EF76A000EF8EC01F00A00090065
:103D8000F5CFEEFF012EFBD7090167BFF28E176A50
:103D9000F2BE178EF29E090E0B01006F5A0E0A0139
:103DA000FF6F230E0B01016F010E026F046B180EE3
:103DB000036F010E056F0001F6EC05F017BEF28EE1
:103DC000090EEA6E5A0EE96EF2CF67F9F29E0A0EFC
:103DD000016EF76A000E94EC01F00A000900F5CFBD
:103DE000EEFF012EFBD7090167BFF28E176AF2BE04
:103DF000178EF29E090E0B01006F5A0E0A01FF6F1B
:103E0000240E0B01016F1B0E026F046B180E036F63
:103E1000010E056F0001F6EC05F017BEF28E090EDB
:103E2000EA6E5A0EE96EF2CF67F9F29E090E016E44
:103E3000F76A000EA8EC01F00A000900F5CFEEFFCA
:103E4000012EFBD7090167BFF28E176AF2BE178EEB
:103E5000F29E090E0B01006F5A0E0A01FF6F260E2B
:103E60000B01016F360E026F046B180E036F010E0B
:103E7000056F0001F6EC05F017BEF28E090101D0C6
:103E80000901176AF2BE178EF29E0001A9EC06F036
:103E900017BEF28E94EF21F0F2CF0DF0F29EE824DF
:103EA000F76AF736C30FF66E3E0EF722000EF86E75
:103EB000FB6E0A00F550FA6E0800F5500DBEF28E4A
:103EC000F96E1631BA32AA35DE37143A4A3CF2EFAF
:103ED00015F009013B2D8FD03E6B046B176AF2BEC3
:103EE000178EF29E55C846FA010E0A01476F0F0E53
:103EF000496F920E486F000172EC03F017BEF28E0C
:103F000055C85AF90F0E09015C6F800E5B6F0001F6
:103F10005BEC13F001A029D0176AF2BE178EF29E57
:103F200055C846FA010E0A01476F0F0E496F920EEF
:103F3000486F000172EC03F017BEF28E55C85AF9B3
:103F40000F0E09015C6F800E5B6F00015BEC13F0DC
:103F500001B0E2D709013D51010802E23D0702D05C
:103F6000060E3D6F010E3F6F0001176AF2BE178EFD
:103F7000F29E56C846FA010E0A01476F0F0E496FAE
:103F8000920E486F000172EC03F017BEF28E56C815
:103F90005AF90F0E09015C6F800E5B6F00015BEC3C
:103FA00013F001A029D0176AF2BE178EF29E56C8F0
:103FB00046FA010E0A01476F0F0E496F920E486FC5
:103FC000000172EC03F017BEF28E56C85AF90F0EBC
:103FD00009015C6F800E5B6F00015BEC13F001B0B8
:103FE000E2D709013D51050802E33D2B02D0010E45
:103FF0003D6F010E3F6F000109013B2D01D0E6D05E
:10400000010E046F176AF2BE178EF29E5AC846FA66
:10401000010E0A01476F0F0E496F920E486F0001A3
:1040200072EC03F017BEF28E5AC85AF90F0E09014E
:104030005C6F800E5B6F00015BEC13F001A025D07C
:10404000176AF2BE178EF29E5AC846FA010E0A018E
:10405000476F0F0E496F920E486F000172EC03F02C
:1040600017BEF28E5AC85AF90F0E09015C6F800E06
:104070005B6F00015BEC13F001B0E2D709013D5129
:10408000020802E0020E516F0001176AF2BE178E9D
:10409000F29E59C846FA010E0A01476F0F0E496F8A
:1040A000920E486F000172EC03F017BEF28E59C8F1
:1040B0005AF90F0E09015C6F800E5B6F00015BEC1B
:1040C00013F001B004D009013A2D80D00001176A25
:1040D000F2BE178EF29E59C846FA010E0A01476FCA
:1040E0000F0E496F920E486F000172EC03F017BE7D
:1040F000F28E59C85AF90F0E09015C6F800E5B6F82
:1041000000015BEC13F001B0E2D709013A2D03D0B6
:104110000001DDD709013D51020806E13D510208C9
:104120004DE13C5102084AE1065303E105513208D2
:1041300045E2176AF2BE178EF29E0A01FE6B010E6F
:10414000FD6F0B01006B0A01FF6F0B01026B820E0A
:10415000016F046B400E036F056B0001A1EC04F0CE
:1041600017BEF28E0901046B010E036F176AF2BECF
:10417000178EF29E5DC846FA010E0A01476F0F0EB8
:10418000496F890E486F000172EC03F017BEF28E82
:10419000176AF2BE178EF29E5DC846FA0A01476B97
:1041A0000F0E496F920E486F000172EC03F017BEBC
:1041B000F28E010E09014C6F030E516F3D51020842
:1041C00005E13C2D03D0020E516F046B176AF2BE5D
:1041D000178EF29E58C846FA010E0A01476F0F0E5D
:1041E000496F920E486F000172EC03F017BEF28E19
:1041F00058C85AF90F0E09015C6F800E5B6F000101
:104200005BEC13F001A027D0176AF2BE178EF29E66
:1042100058C846FA010E0A01476F0F0E496F920EF9
:10422000486F000172EC03F017BEF28E58C85AF9BD
:104230000F0E09015C6F800E5B6F00015BEC13F0E9
:1042400001B0E2D709013B5302E03B0701D03B6BD1
:10425000010E3F6F0001176AF2BE178EF29E57C81B
:1042600046FA010E0A01476F0F0E496F920E486F12
:10427000000172EC03F017BEF28E57C85AF90F0E08
:1042800009015C6F800E5B6F00015BEC13F001A015
:104290002AD0176AF2BE178EF29E57C846FA010E50
:1042A0000A01476F0F0E496F920E486F000172ECC2
:1042B00003F017BEF28E57C85AF90F0E09015C6F52
:1042C000800E5B6F00015BEC13F001B0E2D70901D7
:1042D0003B51010801E33B2B3B51020802E2020E75
:1042E0003B6F010E3F6F09013F2D1FD0176AF2BED1
:1042F000178EF29E0A01FE6B010EFD6F0B01006B23
:104300000A01FF6F0B01026B820E016F046B400EFE
:10431000036F056B0001A1EC04F017BEF28E0901DA
:104320003F6B000110EF16F009010001CBEF48F0E0
:1043300009013B51000A000104E0020AD8B432D15D
:1043400062D209014F2D2CD14F6B3953D8A48DD097
:10435000176AF2BE178EF29E0B01076B150E066FE1
:10436000096B1B0E086F0B6B150E0A6F0D6B250E7C
:104370000C6F0E6B0001F5EC03F017BEF28E176A9E
:10438000F2BE178EF29E0B01076B140E066F096BBF
:104390001C0E086F0B6B140E0A6F0D6B240E0C6F46
:1043A0000E6B0001F5EC03F017BEF28E176AF2BE39
:1043B000178EF29E0B01076B130E066F096B1D0E15
:1043C000086F0B6B130E0A6F0D6B230E0C6F0E6BC9
:1043D0000001F5EC03F017BEF28E176AF2BE178EDD
:1043E000F29E0B01076B120E066F096B1E0E086F13
:1043F0000B6B120E0A6F0D6B220E0C6F0E6B000111
:10440000F5EC03F017BEF28E176AF2BE178EF29E1D
:104410000B01076B110E066F096B1F0E086F0B6BFC
:10442000110E0A6F0D6B210E0C6F0E6B0001F5EC77
:1044300003F017BEF28E176AF2BE178EF29E0B01C2
:10444000076B100E066F096B200E086F0B6B100EBA
:104450000A6F0D6B200E0C6F0E6B0001F5EC03F074
:1044600017BEF28E0901392B92D0176AF2BE178E51
:10447000F29E0B01076B150E066F096B1B0E086F82
:104480000B6B150E0A6F0D6B250E0C6F010E0E6F68
:104490000001F5EC03F017BEF28E176AF2BE178E1C
:1044A000F29E0B01076B140E066F096B1C0E086F52
:1044B0000B6B140E0A6F0D6B240E0C6F010E0E6F3A
:1044C0000001F5EC03F017BEF28E176AF2BE178EEC
:1044D000F29E0B01076B130E066F096B1D0E086F22
:1044E0000B6B130E0A6F0D6B230E0C6F010E0E6F0C
:1044F0000001F5EC03F017BEF28E176AF2BE178EBC
:10450000F29E0B01076B120E066F096B1E0E086FF1
:104510000B6B120E0A6F0D6B220E0C6F010E0E6FDD
:104520000001F5EC03F017BEF28E176AF2BE178E8B
:10453000F29E0B01076B110E066F096B1F0E086FC1
:104540000B6B110E0A6F0D6B210E0C6F010E0E6FAF
:104550000001F5EC03F017BEF28E176AF2BE178E5B
:10456000F29E0B01076B100E066F096B200E086F91
:104570000B6B100E0A6F0D6B200E0C6F010E0E6F81
:104580000001F5EC03F017BEF28E0901396B176AD2
:10459000F2BE178EF29E0001A9EC06F017BEF28E55
:1045A000000131D109014F2D2CD14F6B3953D8A4C3
:1045B0008DD0176AF2BE178EF29E0B01076B6C0E40
:1045C000066F096B1B0E086F0B6B6C0E0A6F0D6B81
:1045D000250E0C6F0E6B0001F5EC03F017BEF28E8A
:1045E000176AF2BE178EF29E0B01076B6D0E066FF7
:1045F000096B1C0E086F0B6B6D0E0A6F0D6B240E92
:104600000C6F0E6B0001F5EC03F017BEF28E176A0B
:10461000F2BE178EF29E0B01076B6E0E066F096BD2
:104620001D0E086F0B6B6E0E0A6F0D6B230E0C6F59
:104630000E6B0001F5EC03F017BEF28E176AF2BEA6
:10464000178EF29E0B01076B6F0E066F096B1E0E25
:10465000086F0B6B6F0E0A6F0D6B220E0C6F0E6BDB
:104660000001F5EC03F017BEF28E176AF2BE178E4A
:10467000F29E0B01076B700E066F096B1F0E086F21
:104680000B6B700E0A6F0D6B210E0C6F0E6B000121
:10469000F5EC03F017BEF28E176AF2BE178EF29E8B
:1046A0000B01076B710E066F096B200E086F0B6B09
:1046B000710E0A6F0D6B200E0C6F0E6B0001F5EC86
:1046C00003F017BEF28E0901392B92D0176AF2BEA1
:1046D000178EF29E0B01076B6C0E066F096B1B0E9B
:1046E000086F0B6B6C0E0A6F0D6B250E0C6F010EB5
:1046F0000E6F0001F5EC03F017BEF28E176AF2BEE2
:10470000178EF29E0B01076B6D0E066F096B1C0E68
:10471000086F0B6B6D0E0A6F0D6B240E0C6F010E84
:104720000E6F0001F5EC03F017BEF28E176AF2BEB1
:10473000178EF29E0B01076B6E0E066F096B1D0E36
:10474000086F0B6B6E0E0A6F0D6B230E0C6F010E54
:104750000E6F0001F5EC03F017BEF28E176AF2BE81
:10476000178EF29E0B01076B6F0E066F096B1E0E04
:10477000086F0B6B6F0E0A6F0D6B220E0C6F010E24
:104780000E6F0001F5EC03F017BEF28E176AF2BE51
:10479000178EF29E0B01076B700E066F096B1F0ED2
:1047A000086F0B6B700E0A6F0D6B210E0C6F010EF4
:1047B0000E6F0001F5EC03F017BEF28E176AF2BE21
:1047C000178EF29E0B01076B710E066F096B200EA0
:1047D000086F0B6B710E0A6F0D6B200E0C6F010EC4
:1047E0000E6F0001F5EC03F017BEF28E0901396B74
:1047F000176AF2BE178EF29E0001A9EC06F017BEF2
:10480000F28E000100D0CDEF48F009016251016A3B
:10481000615D03E261C900F00CD0006A080E636FAD
:10482000613700366251005CD8B0006E0136632FEC
:10483000F7D70001000C08015F6B5F510108D8A099
:10484000D2EF29F009015A51090829E208015F5302
:1048500013E15AC961F90A0E0901626F0001D5DF3F
:1048600001C060F8120E0801626F190E636F180E16
:10487000646F130E656F12D05AC961F90A0E0901EF
:10488000626F0001C2DF00C060F81A0E0801626F9B
:10489000150E636F140E646F1B0E656F090108011E
:1048A0006051F60FD8B0CFEF29F00A0F0001EEEFFC
:1048B00029F0176AF2BE178EF29E62C846FA0A0104
:1048C000476B0F0E496F890E486F000172EC03F0C1
:1048D00017BEF28E176AF2BE178EF29E62C846FAB3
:1048E0000A01476B0F0E496F920E486F000172EC80
:1048F00003F017BEF28E176AF2BE178EF29E63C8DF
:1049000046FA0A01476B0F0E496F890E486F000186
:1049100072EC03F017BEF28E176AF2BE178EF29E8B
:1049200063C846FA0A01476B0F0E496F920E486F33
:10493000000172EC03F017BEF28E176AF2BE178EFA
:10494000F29E64C846FA0A01476B0F0E496F890E42
:10495000486F000172EC03F017BEF28E176AF2BEC8
:10496000178EF29E64C846FA0A01476B0F0E496F14
:10497000920E486F000172EC03F017BEF28E176AB8
:10498000F2BE178EF29E65C846FA0A01476B0F0EFB
:10499000496F890E486F000172EC03F017BEF28E6A
:1049A000176AF2BE178EF29E65C846FA0A01476B77
:1049B0000F0E496F920E486F000172EC03F017BEA4
:1049C000F28E0801CFEF29F0176AF2BE178EF29E21
:1049D00062C846FA010E0A01476F0F0E496F890E31
:1049E000486F000172EC03F017BEF28E176AF2BE38
:1049F000178EF29E62C846FA0A01476B0F0E496F86
:104A0000920E486F000172EC03F017BEF28E176A27
:104A1000F2BE178EF29E63C846FA0A01476B0F0E6C
:104A2000496F890E486F000172EC03F017BEF28ED9
:104A3000176AF2BE178EF29E63C846FA0A01476BE8
:104A40000F0E496F920E486F000172EC03F017BE13
:104A5000F28E176AF2BE178EF29E64C846FA0A01F9
:104A6000476B0F0E496F890E486F000172EC03F01F
:104A700017BEF28E176AF2BE178EF29E64C846FA0F
:104A80000A01476B0F0E496F920E486F000172ECDE
:104A900003F017BEF28E176AF2BE178EF29E65C83B
:104AA00046FA0A01476B0F0E496F890E486F0001E5
:104AB00072EC03F017BEF28E176AF2BE178EF29EEA
:104AC00065C846FA0A01476B0F0E496F920E486F90
:104AD000000172EC03F017BEF28E0801CFEF29F04F
:104AE000176AF2BE178EF29E62C846FA0A01476B39
:104AF0000F0E496F890E486F000172EC03F017BE6C
:104B0000F28E176AF2BE178EF29E62C846FA0A014A
:104B1000476B0F0E496F920E486F000172EC03F065
:104B200017BEF28E176AF2BE178EF29E63C846FA5F
:104B3000010E0A01476F0F0E496F890E486F000181
:104B400072EC03F017BEF28E176AF2BE178EF29E59
:104B500063C846FA0A01476B0F0E496F920E486F01
:104B6000000172EC03F017BEF28E176AF2BE178EC8
:104B7000F29E64C846FA0A01476B0F0E496F890E10
:104B8000486F000172EC03F017BEF28E176AF2BE96
:104B9000178EF29E64C846FA0A01476B0F0E496FE2
:104BA000920E486F000172EC03F017BEF28E176A86
:104BB000F2BE178EF29E65C846FA0A01476B0F0EC9
:104BC000496F890E486F000172EC03F017BEF28E38
:104BD000176AF2BE178EF29E65C846FA0A01476B45
:104BE0000F0E496F920E486F000172EC03F017BE72
:104BF000F28E0801D4D3176AF2BE178EF29E62C8F5
:104C000046FA010E0A01476F0F0E496F890E486F71
:104C1000000172EC03F017BEF28E176AF2BE178E17
:104C2000F29E62C846FA0A01476B0F0E496F920E58
:104C3000486F000172EC03F017BEF28E176AF2BEE5
:104C4000178EF29E63C846FA010E0A01476F0F0ED7
:104C5000496F890E486F000172EC03F017BEF28EA7
:104C6000176AF2BE178EF29E63C846FA0A01476BB6
:104C70000F0E496F920E486F000172EC03F017BEE1
:104C8000F28E176AF2BE178EF29E64C846FA0A01C7
:104C9000476B0F0E496F890E486F000172EC03F0ED
:104CA00017BEF28E176AF2BE178EF29E64C846FADD
:104CB0000A01476B0F0E496F920E486F000172ECAC
:104CC00003F017BEF28E176AF2BE178EF29E65C809
:104CD00046FA0A01476B0F0E496F890E486F0001B3
:104CE00072EC03F017BEF28E176AF2BE178EF29EB8
:104CF00065C846FA0A01476B0F0E496F920E486F5E
:104D0000000172EC03F017BEF28E080148D3176A57
:104D1000F2BE178EF29E62C846FA0A01476B0F0E6A
:104D2000496F890E486F000172EC03F017BEF28ED6
:104D3000176AF2BE178EF29E62C846FA0A01476BE6
:104D40000F0E496F920E486F000172EC03F017BE10
:104D5000F28E176AF2BE178EF29E63C846FA0A01F7
:104D6000476B0F0E496F890E486F000172EC03F01C
:104D700017BEF28E176AF2BE178EF29E63C846FA0D
:104D80000A01476B0F0E496F920E486F000172ECDB
:104D900003F017BEF28E176AF2BE178EF29E64C839
:104DA00046FA010E0A01476F0F0E496F890E486FD0
:104DB000000172EC03F017BEF28E176AF2BE178E76
:104DC000F29E64C846FA0A01476B0F0E496F920EB5
:104DD000486F000172EC03F017BEF28E176AF2BE44
:104DE000178EF29E65C846FA0A01476B0F0E496F8F
:104DF000890E486F000172EC03F017BEF28E176A3D
:104E0000F2BE178EF29E65C846FA0A01476B0F0E76
:104E1000496F920E486F000172EC03F017BEF28EDC
:104E20000801BDD2176AF2BE178EF29E62C846FA1A
:104E3000010E0A01476F0F0E496F890E486F00017E
:104E400072EC03F017BEF28E176AF2BE178EF29E56
:104E500062C846FA0A01476B0F0E496F920E486FFF
:104E6000000172EC03F017BEF28E176AF2BE178EC5
:104E7000F29E63C846FA0A01476B0F0E496F890E0E
:104E8000486F000172EC03F017BEF28E176AF2BE93
:104E9000178EF29E63C846FA0A01476B0F0E496FE0
:104EA000920E486F000172EC03F017BEF28E176A83
:104EB000F2BE178EF29E64C846FA010E0A01476FD1
:104EC0000F0E496F890E486F000172EC03F017BE98
:104ED000F28E176AF2BE178EF29E64C846FA0A0175
:104EE000476B0F0E496F920E486F000172EC03F092
:104EF00017BEF28E176AF2BE178EF29E65C846FA8A
:104F00000A01476B0F0E496F890E486F000172EC62
:104F100003F017BEF28E176AF2BE178EF29E65C8B6
:104F200046FA0A01476B0F0E496F920E486F000157
:104F300072EC03F017BEF28E080131D2176AF2BE8E
:104F4000178EF29E62C846FA0A01476B0F0E496F30
:104F5000890E486F000172EC03F017BEF28E176ADB
:104F6000F2BE178EF29E62C846FA0A01476B0F0E18
:104F7000496F920E486F000172EC03F017BEF28E7B
:104F8000176AF2BE178EF29E63C846FA010E0A0136
:104F9000476F0F0E496F890E486F000172EC03F0E6
:104FA00017BEF28E176AF2BE178EF29E63C846FADB
:104FB0000A01476B0F0E496F920E486F000172ECA9
:104FC00003F017BEF28E176AF2BE178EF29E64C807
:104FD00046FA010E0A01476F0F0E496F890E486F9E
:104FE000000172EC03F017BEF28E176AF2BE178E44
:104FF000F29E64C846FA0A01476B0F0E496F920E83
:10500000486F000172EC03F017BEF28E176AF2BE11
:10501000178EF29E65C846FA0A01476B0F0E496F5C
:10502000890E486F000172EC03F017BEF28E176A0A
:10503000F2BE178EF29E65C846FA0A01476B0F0E44
:10504000496F920E486F000172EC03F017BEF28EAA
:105050000801A5D1176AF2BE178EF29E62C846FA01
:10506000010E0A01476F0F0E496F890E486F00014C
:1050700072EC03F017BEF28E176AF2BE178EF29E24
:1050800062C846FA0A01476B0F0E496F920E486FCD
:10509000000172EC03F017BEF28E176AF2BE178E93
:1050A000F29E63C846FA010E0A01476F0F0E496F60
:1050B000890E486F000172EC03F017BEF28E176A7A
:1050C000F2BE178EF29E63C846FA0A01476B0F0EB6
:1050D000496F920E486F000172EC03F017BEF28E1A
:1050E000176AF2BE178EF29E64C846FA010E0A01D4
:1050F000476F0F0E496F890E486F000172EC03F085
:1051000017BEF28E176AF2BE178EF29E64C846FA78
:105110000A01476B0F0E496F920E486F000172EC47
:1051200003F017BEF28E176AF2BE178EF29E65C8A4
:1051300046FA0A01476B0F0E496F890E486F00014E
:1051400072EC03F017BEF28E176AF2BE178EF29E53
:1051500065C846FA0A01476B0F0E496F920E486FF9
:10516000000172EC03F017BEF28E080118D1176A25
:10517000F2BE178EF29E62C846FA0A01476B0F0E06
:10518000496F890E486F000172EC03F017BEF28E72
:10519000176AF2BE178EF29E62C846FA0A01476B82
:1051A0000F0E496F920E486F000172EC03F017BEAC
:1051B000F28E176AF2BE178EF29E63C846FA0A0193
:1051C000476B0F0E496F890E486F000172EC03F0B8
:1051D00017BEF28E176AF2BE178EF29E63C846FAA9
:1051E0000A01476B0F0E496F920E486F000172EC77
:1051F00003F017BEF28E176AF2BE178EF29E64C8D5
:1052000046FA0A01476B0F0E496F890E486F00017D
:1052100072EC03F017BEF28E176AF2BE178EF29E82
:1052200064C846FA0A01476B0F0E496F920E486F29
:10523000000172EC03F017BEF28E176AF2BE178EF1
:10524000F29E65C846FA010E0A01476F0F0E496FBC
:10525000890E486F000172EC03F017BEF28E176AD8
:10526000F2BE178EF29E65C846FA0A01476B0F0E12
:10527000496F920E486F000172EC03F017BEF28E78
:1052800008018DD0176AF2BE178EF29E62C846FAE8
:10529000010E0A01476F0F0E496F890E486F00011A
:1052A00072EC03F017BEF28E176AF2BE178EF29EF2
:1052B00062C846FA0A01476B0F0E496F920E486F9B
:1052C000000172EC03F017BEF28E176AF2BE178E61
:1052D000F29E63C846FA0A01476B0F0E496F890EAA
:1052E000486F000172EC03F017BEF28E176AF2BE2F
:1052F000178EF29E63C846FA0A01476B0F0E496F7C
:10530000920E486F000172EC03F017BEF28E176A1E
:10531000F2BE178EF29E64C846FA0A01476B0F0E62
:10532000496F890E486F000172EC03F017BEF28ED0
:10533000176AF2BE178EF29E64C846FA0A01476BDE
:105340000F0E496F920E486F000172EC03F017BE0A
:10535000F28E176AF2BE178EF29E65C846FA010EEB
:105360000A01476F0F0E496F890E486F000172ECFA
:1053700003F017BEF28E176AF2BE178EF29E65C852
:1053800046FA0A01476B0F0E496F920E486F0001F3
:1053900072EC03F017BEF28E080101D008015F2BFA
:1053A0001DEF24F009015A51090815E35AC961F9A2
:1053B0000A0E626F000105EC24F000C060F81A0EBE
:1053C0000801626F150E636F140E646F1B0E656F1C
:1053D000010E5F6F0901000141EF49F0F2CF0DF0BE
:1053E000F29EE824F76AF736070FF66E540EF7229E
:1053F000000EF86EFB6E0A00F550FA6E0800F550CC
:105400000DBEF28EF96EB248C849E04AF64B0E4D19
:10541000244E3C4F54506E51845209015A51600839
:1054200006E20801696B0C0E686F67D009015A51DA
:10543000580806E20801696B0B0E686F5ED009011F
:105440005A51500806E20801696B0A0E686F55D080
:1054500009015A51480806E20801696B090E686F94
:105460004CD009015A51400806E20801696B080E48
:10547000686F43D009015A51380806E20801696B88
:10548000070E686F3AD009015A51300806E2080148
:10549000696B060E686F31D009015A51280806E27F
:1054A0000801696B050E686F28D009015A51200860
:1054B00006E20801696B040E686F1FD009015A519A
:1054C000180806E20801696B030E686F16D009011F
:1054D0005A51100806E20801696B020E686F0DD080
:1054E00009015A51080806E20801696B010E686F4C
:1054F00004D009010801696B686B000145EF49F0B0
:1055000008016A51685D03E16B51695D29E00001A2
:1055100080EC0FF0929A898A96928D820801676BCF
:10552000666B6751695D18E303E16851665D14E2DB
:10553000675303E16651070807E2929889880001E2
:1055400071EC0FF004D00801000171EC0FF00801BC
:10555000662BD8B4672BE5D769C86BF868C86AF8BA
:10556000000147EF49F0090163516503F3CF01F0F2
:10557000F4CF00F06603F350002664516503F35046
:105580000020026E00010DEF2DF0090163510008AB
:105590001CE2176AF2BE178EF29E0A01FE6B060E1F
:1055A000FD6F0B01006B3D0E0A01FF6F0B01026BDB
:1055B0000E0E016F046B400E036F010E056F0001AC
:1055C000A1EC04F017BEF28E0901635101081CE240
:1055D000176AF2BE178EF29E0A01FE6B120EFD6F65
:1055E0000B01006B3B0E0A01FF6F0B01026B1A0EE1
:1055F000016F046B400E036F010E056F0001A1ECFB
:1056000004F017BEF28E0901635102081CE2176A0A
:10561000F2BE178EF29E0A01FE6B1E0EFD6F0B018D
:10562000006B390E0A01FF6F0B01026B260E016F32
:10563000046B400E036F010E056F0001A1EC04F036
:1056400017BEF28E0901635103081CE2176AF2BE0D
:10565000178EF29E0A01FE6B2A0EFD6F0B01006B86
:10566000370E0A01FF6F0B01026B320E016F046BE4
:10567000400E036F010E056F0001A1EC04F017BE90
:10568000F28E0901635104081CE2176AF2BE178EFC
:10569000F29E0A01FE6B360EFD6F0B01006B340E9D
:1056A0000A01FF6F0B01026B3E0E016F046B400E8F
:1056B000036F010E056F0001A1EC04F017BEF28E1E
:1056C0000901635105081CE2176AF2BE178EF29EAB
:1056D0000A01FE6B420EFD6F0B01006B310E0A01D9
:1056E000FF6F0B01026B4A0E016F046B400E036FDC
:1056F000010E056F0001A1EC04F017BEF28E090146
:10570000635106081CE2176AF2BE178EF29E0A0168
:10571000FE6B4E0EFD6F0B01006B2E0E0A01FF6F2C
:105720000B01026B560E016F046B400E036F010EEE
:10573000056F0001A1EC04F017BEF28E0901635160
:1057400007081CE2176AF2BE178EF29E0A01FE6B72
:105750005A0EFD6F0B01006B2A0E0A01FF6F0B0141
:10576000026B620E016F046B400E036F010E056F3A
:105770000001A1EC04F017BEF28E09016351080884
:105780001CE2176AF2BE178EF29E0A01FE6B660ECD
:10579000FD6F0B01006B260E0A01FF6F0B01026B00
:1057A0006E0E016F046B400E036F010E056F00015A
:1057B000A1EC04F017BEF28E0901635109081CE246
:1057C000176AF2BE178EF29E0A01FE6B720EFD6F13
:1057D0000B01006B200E0A01FF6F0B01026B7A0EAA
:1057E000016F046B400E036F010E056F0001A1EC09
:1057F00004F017BEF28E0901000141EF2DF0176A87
:10580000F2BE178EF29E0A01FE6B060EFD6F0B01B3
:10581000006B3D0E0A01FF6F0B01026B0E0E016F54
:10582000046B400E036F056B0001A1EC04F017BE82
:10583000F28E176AF2BE178EF29E0A01FE6B120EEE
:10584000FD6F0B01006B3B0E0A01FF6F0B01026B3A
:105850001A0E016F046B400E036F056B0001A1EC83
:1058600004F017BEF28E176AF2BE178EF29E0A017E
:10587000FE6B1E0EFD6F0B01006B390E0A01FF6FF0
:105880000B01026B260E016F046B400E036F056B5C
:105890000001A1EC04F017BEF28E176AF2BE178E5B
:1058A000F29E0A01FE6B2A0EFD6F0B01006B370E94
:1058B0000A01FF6F0B01026B320E016F046B400E89
:1058C000036F056B0001A1EC04F017BEF28E176A9E
:1058D000F2BE178EF29E0A01FE6B360EFD6F0B01B3
:1058E000006B340E0A01FF6F0B01026B3E0E016F5D
:1058F000046B400E036F056B0001A1EC04F017BEB2
:10590000F28E176AF2BE178EF29E0A01FE6B420EED
:10591000FD6F0B01006B310E0A01FF6F0B01026B73
:105920004A0E016F046B400E036F056B0001A1EC82
:1059300004F017BEF28E176AF2BE178EF29E0A01AD
:10594000FE6B4E0EFD6F0B01006B2E0E0A01FF6FFA
:105950000B01026B560E016F046B400E036F056B5B
:105960000001A1EC04F017BEF28E176AF2BE178E8A
:10597000F29E0A01FE6B5A0EFD6F0B01006B2A0EA0
:105980000A01FF6F0B01026B620E016F046B400E88
:10599000036F056B0001A1EC04F017BEF28E176ACD
:1059A000F2BE178EF29E0A01FE6B660EFD6F0B01B2
:1059B000006B260E0A01FF6F0B01026B6E0E016F6A
:1059C000046B400E036F056B0001A1EC04F017BEE1
:1059D000F28E176AF2BE178EF29E0A01FE6B720EED
:1059E000FD6F0B01006B200E0A01FF6F0B01026BB4
:1059F0007A0E016F046B400E036F056B0001A1EC82
:105A000004F017BEF28E60C964F95FC963F9090139
:105A1000666B640E656F0001A6D502C064F901C013
:105A200063F9176AF2BE178EF29E02C047FA01C0F0
:105A300046FA62C949FA61C948FA9BEC0BF017BEF5
:105A4000F28E02C064F901C063F9176AF2BE178EC4
:105A5000F29E02C047FA01C046FA0A01496B0A0EDB
:105A6000486F00019BEC0BF017BEF28E010E09018E
:105A70000124566F000E0220576F56C963F90001CA
:105A800084D5176AF2BE178EF29EA9EC06F017BEF7
:105A9000F28EFFEF3DF009016151F60FD8B097EF9C
:105AA00032F00A0F00019AEF32F0176AF2BE178E39
:105AB000F29E0A01FE6B020EFD6F0B01006B0D0ED4
:105AC0000A01FF6F0B01026B180E016F046B130EBE
:105AD000036F010E056F0001A1EC04F017BEF28EFA
:105AE000176AF2BE178EF29E0A01FE6B110EFD6F51
:105AF0000B01006B0D0E0A01FF6F0B01026B180EFC
:105B0000016F046B210E036F010E056F0001A1EC04
:105B100004F017BEF28E176AF2BE178EF29E0A01CB
:105B2000FE6B110EFD6F0B01006B1B0E0A01FF6F68
:105B30000B01026B180E016F046B2F0E036F010E29
:105B4000056F0001A1EC04F017BEF28E176AF2BED9
:105B5000178EF29E0A01FE6B020EFD6F0B01006BA9
:105B6000290E0A01FF6F0B01026B180E016F046B07
:105B70002F0E036F010E056F0001A1EC04F017BE9C
:105B8000F28E176AF2BE178EF29E0A01FE6B020EAB
:105B9000FD6F0B01006B1B0E0A01FF6F0B01026B07
:105BA000090E016F046B2F0E036F010E056F0001CC
:105BB000A1EC04F017BEF28E176AF2BE178EF29EA9
:105BC0000A01FE6B020EFD6F0B01006B0D0E0A0148
:105BD000FF6F0B01026B090E016F046B210E036F47
:105BE000010E056F0001A1EC04F017BEF28E090151
:105BF00097EF32F0176AF2BE178EF29E0A01FE6B23
:105C0000110EFD6F0B01006B0D0E0A01FF6F0B01F2
:105C1000026B180E016F046B210E036F010E056FEE
:105C20000001A1EC04F017BEF28E176AF2BE178EC7
:105C3000F29E0A01FE6B110EFD6F0B01006B1B0E35
:105C40000A01FF6F0B01026B180E016F046B2F0E20
:105C5000036F010E056F0001A1EC04F017BEF28E78
:105C6000090197EF32F0176AF2BE178EF29E0A0111
:105C7000FE6B020EFD6F0B01006B0D0E0A01FF6F34
:105C80000B01026B180E016F046B130E036F010EF4
:105C9000056F0001A1EC04F017BEF28E176AF2BE88
:105CA000178EF29E0A01FE6B110EFD6F0B01006B49
:105CB0000D0E0A01FF6F0B01026B180E016F046BD2
:105CC000210E036F010E056F0001A1EC04F017BE59
:105CD000F28E176AF2BE178EF29E0A01FE6B020E5A
:105CE000FD6F0B01006B290E0A01FF6F0B01026BA8
:105CF000180E016F046B2F0E036F010E056F00016C
:105D0000A1EC04F017BEF28E176AF2BE178EF29E57
:105D10000A01FE6B020EFD6F0B01006B1B0E0A01E8
:105D2000FF6F0B01026B090E016F046B2F0E036FE7
:105D3000010E056F0001A1EC04F017BEF28E176A88
:105D4000F2BE178EF29E0A01FE6B020EFD6F0B0172
:105D5000006B1B0E0A01FF6F0B01026B180E016F27
:105D6000046B210E036F010E056F0001A1EC04F01E
:105D700017BEF28E0901DBD3176AF2BE178EF29EB0
:105D80000A01FE6B020EFD6F0B01006B0D0E0A0186
:105D9000FF6F0B01026B180E016F046B130E036F84
:105DA000010E056F0001A1EC04F017BEF28E176A18
:105DB000F2BE178EF29E0A01FE6B110EFD6F0B01F3
:105DC000006B0D0E0A01FF6F0B01026B180E016FC5
:105DD000046B210E036F010E056F0001A1EC04F0AE
:105DE00017BEF28E176AF2BE178EF29E0A01FE6B84
:105DF000110EFD6F0B01006B1B0E0A01FF6F0B01F3
:105E0000026B180E016F046B2F0E036F010E056FEE
:105E10000001A1EC04F017BEF28E176AF2BE178ED5
:105E2000F29E0A01FE6B020EFD6F0B01006B290E44
:105E30000A01FF6F0B01026B180E016F046B2F0E2E
:105E4000036F010E056F0001A1EC04F017BEF28E86
:105E5000176AF2BE178EF29E0A01FE6B020EFD6FEC
:105E60000B01006B1B0E0A01FF6F0B01026B180E7A
:105E7000016F046B210E036F010E056F0001A1EC91
:105E800004F017BEF28E090152D3176AF2BE178EC4
:105E9000F29E0A01FE6B110EFD6F0B01006B0D0EE1
:105EA0000A01FF6F0B01026B180E016F046B210ECC
:105EB000036F010E056F0001A1EC04F017BEF28E16
:105EC000176AF2BE178EF29E0A01FE6B110EFD6F6D
:105ED0000B01006B1B0E0A01FF6F0B01026B180E0A
:105EE000016F046B2F0E036F010E056F0001A1EC13
:105EF00004F017BEF28E176AF2BE178EF29E0A01E8
:105F0000FE6B020EFD6F0B01006B0D0E0A01FF6FA1
:105F10000B01026B090E016F046B210E036F010E62
:105F2000056F0001A1EC04F017BEF28E176AF2BEF5
:105F3000178EF29E0A01FE6B020EFD6F0B01006BC5
:105F40001B0E0A01FF6F0B01026B180E016F046B31
:105F5000210E036F010E056F0001A1EC04F017BEC6
:105F6000F28E0901E4D2176AF2BE178EF29E0A0180
:105F7000FE6B020EFD6F0B01006B0D0E0A01FF6F31
:105F80000B01026B180E016F046B130E036F010EF1
:105F9000056F0001A1EC04F017BEF28E176AF2BE85
:105FA000178EF29E0A01FE6B110EFD6F0B01006B46
:105FB0001B0E0A01FF6F0B01026B180E016F046BC1
:105FC0002F0E036F010E056F0001A1EC04F017BE48
:105FD000F28E176AF2BE178EF29E0A01FE6B020E57
:105FE000FD6F0B01006B290E0A01FF6F0B01026BA5
:105FF000180E016F046B2F0E036F010E056F000169
:10600000A1EC04F017BEF28E176AF2BE178EF29E54
:106010000A01FE6B020EFD6F0B01006B0D0E0A01F3
:10602000FF6F0B01026B090E016F046B210E036FF2
:10603000010E056F0001A1EC04F017BEF28E176A85
:10604000F2BE178EF29E0A01FE6B020EFD6F0B016F
:10605000006B1B0E0A01FF6F0B01026B180E016F24
:10606000046B210E036F010E056F0001A1EC04F01B
:1060700017BEF28E09015BD2176AF2BE178EF29E2E
:106080000A01FE6B020EFD6F0B01006B0D0E0A0183
:10609000FF6F0B01026B180E016F046B130E036F81
:1060A000010E056F0001A1EC04F017BEF28E176A15
:1060B000F2BE178EF29E0A01FE6B110EFD6F0B01F0
:1060C000006B1B0E0A01FF6F0B01026B180E016FB4
:1060D000046B2F0E036F010E056F0001A1EC04F09D
:1060E00017BEF28E176AF2BE178EF29E0A01FE6B81
:1060F000020EFD6F0B01006B290E0A01FF6F0B01F1
:10610000026B180E016F046B2F0E036F010E056FEB
:106110000001A1EC04F017BEF28E176AF2BE178ED2
:10612000F29E0A01FE6B020EFD6F0B01006B1B0E4F
:106130000A01FF6F0B01026B090E016F046B2F0E3A
:10614000036F010E056F0001A1EC04F017BEF28E83
:10615000176AF2BE178EF29E0A01FE6B020EFD6FE9
:106160000B01006B0D0E0A01FF6F0B01026B090E94
:10617000016F046B210E036F010E056F0001A1EC8E
:1061800004F017BEF28E176AF2BE178EF29E0A0155
:10619000FE6B020EFD6F0B01006B1B0E0A01FF6F01
:1061A0000B01026B180E016F046B210E036F010EC1
:1061B000056F0001A1EC04F017BEF28E0901B7D102
:1061C000176AF2BE178EF29E0A01FE6B020EFD6F79
:1061D0000B01006B0D0E0A01FF6F0B01026B180E15
:1061E000016F046B130E036F010E056F0001A1EC2C
:1061F00004F017BEF28E176AF2BE178EF29E0A01E5
:10620000FE6B110EFD6F0B01006B0D0E0A01FF6F8F
:106210000B01026B180E016F046B210E036F010E50
:10622000056F0001A1EC04F017BEF28E176AF2BEF2
:10623000178EF29E0A01FE6B110EFD6F0B01006BB3
:106240001B0E0A01FF6F0B01026B180E016F046B2E
:106250002F0E036F010E056F0001A1EC04F017BEB5
:10626000F28E090164D1176AF2BE178EF29E0A01FE
:10627000FE6B020EFD6F0B01006B0D0E0A01FF6F2E
:106280000B01026B180E016F046B130E036F010EEE
:10629000056F0001A1EC04F017BEF28E176AF2BE82
:1062A000178EF29E0A01FE6B110EFD6F0B01006B43
:1062B0000D0E0A01FF6F0B01026B180E016F046BCC
:1062C000210E036F010E056F0001A1EC04F017BE53
:1062D000F28E176AF2BE178EF29E0A01FE6B110E45
:1062E000FD6F0B01006B1B0E0A01FF6F0B01026BB0
:1062F000180E016F046B2F0E036F010E056F000166
:10630000A1EC04F017BEF28E176AF2BE178EF29E51
:106310000A01FE6B020EFD6F0B01006B290E0A01D4
:10632000FF6F0B01026B180E016F046B2F0E036FD2
:10633000010E056F0001A1EC04F017BEF28E176A82
:10634000F2BE178EF29E0A01FE6B020EFD6F0B016C
:10635000006B1B0E0A01FF6F0B01026B090E016F30
:10636000046B2F0E036F010E056F0001A1EC04F00A
:1063700017BEF28E176AF2BE178EF29E0A01FE6BEE
:10638000020EFD6F0B01006B0D0E0A01FF6F0B017A
:10639000026B090E016F046B210E036F010E056F76
:1063A0000001A1EC04F017BEF28E176AF2BE178E40
:1063B000F29E0A01FE6B020EFD6F0B01006B1B0EBD
:1063C0000A01FF6F0B01026B180E016F046B210EA7
:1063D000036F010E056F0001A1EC04F017BEF28EF1
:1063E0000901A5D0176AF2BE178EF29E0A01FE6B54
:1063F000020EFD6F0B01006B0D0E0A01FF6F0B010A
:10640000026B180E016F046B130E036F010E056F04
:106410000001A1EC04F017BEF28E176AF2BE178ECF
:10642000F29E0A01FE6B110EFD6F0B01006B0D0E4B
:106430000A01FF6F0B01026B180E016F046B210E36
:10644000036F010E056F0001A1EC04F017BEF28E80
:10645000176AF2BE178EF29E0A01FE6B110EFD6FD7
:106460000B01006B1B0E0A01FF6F0B01026B180E74
:10647000016F046B2F0E036F010E056F0001A1EC7D
:1064800004F017BEF28E176AF2BE178EF29E0A0152
:10649000FE6B020EFD6F0B01006B290E0A01FF6FF0
:1064A0000B01026B180E016F046B2F0E036F010EB0
:1064B000056F0001A1EC04F017BEF28E176AF2BE60
:1064C000178EF29E0A01FE6B020EFD6F0B01006B30
:1064D0000D0E0A01FF6F0B01026B090E016F046BB9
:1064E000210E036F010E056F0001A1EC04F017BE31
:1064F000F28E176AF2BE178EF29E0A01FE6B020E32
:10650000FD6F0B01006B1B0E0A01FF6F0B01026B8D
:10651000180E016F046B210E036F010E056F000151
:10652000A1EC04F017BEF28E090101D009010001AF
:10653000E2EF3DF0F2CF0DF0F29EE824F76AF73675
:106540005F0FF66E650EF722000EF86EFB6E0A0006
:10655000F550FA6E0800F5500DBEF28EF96EAA5A8B
:10656000F45B665C785D8A5E665F7860C0616662D7
:10657000E46309016151F60FD8B0FAEF37F00A0F62
:106580000001FDEF37F0176AF2BE178EF29E0A0186
:10659000FE6B1B0EFD6F0B01006B0D0E0A01FF6FF2
:1065A0000B01026B310E016F046B130E036F010EB2
:1065B000056F0001A1EC04F017BEF28E176AF2BE5F
:1065C000178EF29E0A01FE6B2A0EFD6F0B01006B07
:1065D0000D0E0A01FF6F0B01026B310E016F046B90
:1065E000210E036F010E056F0001A1EC04F017BE30
:1065F000F28E176AF2BE178EF29E0A01FE6B2A0E09
:10660000FD6F0B01006B1B0E0A01FF6F0B01026B8C
:10661000310E016F046B2F0E036F010E056F000129
:10662000A1EC04F017BEF28E176AF2BE178EF29E2E
:106630000A01FE6B1B0EFD6F0B01006B290E0A0198
:10664000FF6F0B01026B310E016F046B2F0E036F96
:10665000010E056F0001A1EC04F017BEF28E176A5F
:10666000F2BE178EF29E0A01FE6B1B0EFD6F0B0130
:10667000006B0A01FF6F0B01026B220E016F046BAE
:106680002F0E036F010E056F0001A1EC04F017BE81
:10669000F28E176AF2BE178EF29E0A01FE6B1B0E77
:1066A000FD6F0B01006B0D0E0A01FF6F0B01026BFA
:1066B000220E016F046B210E036F010E056F0001A6
:1066C000A1EC04F017BEF28E0901FAEF37F0176A59
:1066D000F2BE178EF29E0A01FE6B2A0EFD6F0B01B1
:1066E000006B0D0E0A01FF6F0B01026B310E016F83
:1066F000046B210E036F010E056F0001A1EC04F085
:1067000017BEF28E176AF2BE178EF29E0A01FE6B5A
:106710002A0EFD6F0B01006B1B0E0A01FF6F0B01B0
:10672000026B310E016F046B2F0E036F010E056FAC
:106730000001A1EC04F017BEF28E0901FAEF37F068
:10674000176AF2BE178EF29E0A01FE6B1B0EFD6FDA
:106750000B01006B0D0E0A01FF6F0B01026B310E76
:10676000016F046B130E036F010E056F0001A1ECA6
:1067700004F017BEF28E176AF2BE178EF29E0A015F
:10678000FE6B2A0EFD6F0B01006B0D0E0A01FF6FF1
:106790000B01026B310E016F046B210E036F010EB2
:1067A000056F0001A1EC04F017BEF28E176AF2BE6D
:1067B000178EF29E0A01FE6B1B0EFD6F0B01006B24
:1067C000290E0A01FF6F0B01026B310E016F046B82
:1067D0002F0E036F010E056F0001A1EC04F017BE30
:1067E000F28E176AF2BE178EF29E0A01FE6B1B0E26
:1067F000FD6F0B01006B0A01FF6F0B01026B220E94
:10680000016F046B2F0E036F010E056F0001A1ECE9
:1068100004F017BEF28E176AF2BE178EF29E0A01BE
:10682000FE6B1B0EFD6F0B01006B0A01FF6F0B016E
:10683000026B310E016F046B210E036F010E056FA9
:106840000001A1EC04F017BEF28E0901D3D3176A40
:10685000F2BE178EF29E0A01FE6B1B0EFD6F0B013E
:10686000006B0D0E0A01FF6F0B01026B310E016F01
:10687000046B130E036F010E056F0001A1EC04F011
:1068800017BEF28E176AF2BE178EF29E0A01FE6BD9
:106890002A0EFD6F0B01006B0D0E0A01FF6F0B013D
:1068A000026B310E016F046B210E036F010E056F39
:1068B0000001A1EC04F017BEF28E176AF2BE178E2B
:1068C000F29E0A01FE6B2A0EFD6F0B01006B1B0E80
:1068D0000A01FF6F0B01026B310E016F046B2F0E6B
:1068E000036F010E056F0001A1EC04F017BEF28EDC
:1068F000176AF2BE178EF29E0A01FE6B1B0EFD6F29
:106900000B01006B290E0A01FF6F0B01026B310EA8
:10691000016F046B2F0E036F010E056F0001A1ECD8
:1069200004F017BEF28E176AF2BE178EF29E0A01AD
:10693000FE6B1B0EFD6F0B01006B0A01FF6F0B015D
:10694000026B310E016F046B210E036F010E056F98
:106950000001A1EC04F017BEF28E09014BD3176AB7
:10696000F2BE178EF29E0A01FE6B2A0EFD6F0B011E
:10697000006B0D0E0A01FF6F0B01026B310E016FF0
:10698000046B210E036F010E056F0001A1EC04F0F2
:1069900017BEF28E176AF2BE178EF29E0A01FE6BC8
:1069A0002A0EFD6F0B01006B1B0E0A01FF6F0B011E
:1069B000026B310E016F046B2F0E036F010E056F1A
:1069C0000001A1EC04F017BEF28E176AF2BE178E1A
:1069D000F29E0A01FE6B1B0EFD6F0B01006B0D0E8C
:1069E0000A01FF6F0B01026B220E016F046B210E77
:1069F000036F010E056F0001A1EC04F017BEF28ECB
:106A0000176AF2BE178EF29E0A01FE6B1B0EFD6F17
:106A10000B01006B0A01FF6F0B01026B310E016F5E
:106A2000046B210E036F010E056F0001A1EC04F051
:106A300017BEF28E0901DED2176AF2BE178EF29EE1
:106A40000A01FE6B1B0EFD6F0B01006B0D0E0A01A0
:106A5000FF6F0B01026B310E016F046B130E036F9E
:106A6000010E056F0001A1EC04F017BEF28E176A4B
:106A7000F2BE178EF29E0A01FE6B2A0EFD6F0B010D
:106A8000006B1B0E0A01FF6F0B01026B310E016FD1
:106A9000046B2F0E036F010E056F0001A1EC04F0D3
:106AA00017BEF28E176AF2BE178EF29E0A01FE6BB7
:106AB0001B0EFD6F0B01006B290E0A01FF6F0B010E
:106AC000026B310E016F046B2F0E036F010E056F09
:106AD0000001A1EC04F017BEF28E176AF2BE178E09
:106AE000F29E0A01FE6B1B0EFD6F0B01006B0D0E7B
:106AF0000A01FF6F0B01026B220E016F046B210E66
:106B0000036F010E056F0001A1EC04F017BEF28EB9
:106B1000176AF2BE178EF29E0A01FE6B1B0EFD6F06
:106B20000B01006B0A01FF6F0B01026B310E016F4D
:106B3000046B210E036F010E056F0001A1EC04F040
:106B400017BEF28E090156D2176AF2BE178EF29E58
:106B50000A01FE6B1B0EFD6F0B01006B0D0E0A018F
:106B6000FF6F0B01026B310E016F046B130E036F8D
:106B7000010E056F0001A1EC04F017BEF28E176A3A
:106B8000F2BE178EF29E0A01FE6B2A0EFD6F0B01FC
:106B9000006B1B0E0A01FF6F0B01026B310E016FC0
:106BA000046B2F0E036F010E056F0001A1EC04F0C2
:106BB00017BEF28E176AF2BE178EF29E0A01FE6BA6
:106BC0001B0EFD6F0B01006B290E0A01FF6F0B01FD
:106BD000026B310E016F046B2F0E036F010E056FF8
:106BE0000001A1EC04F017BEF28E176AF2BE178EF8
:106BF000F29E0A01FE6B1B0EFD6F0B01006B0A017A
:106C0000FF6F0B01026B220E016F046B2F0E036FDF
:106C1000010E056F0001A1EC04F017BEF28E176A99
:106C2000F2BE178EF29E0A01FE6B1B0EFD6F0B016A
:106C3000006B0D0E0A01FF6F0B01026B220E016F3C
:106C4000046B210E036F010E056F0001A1EC04F02F
:106C500017BEF28E176AF2BE178EF29E0A01FE6B05
:106C60001B0EFD6F0B01006B0A01FF6F0B01026B26
:106C7000310E016F046B210E036F010E056F0001D1
:106C8000A1EC04F017BEF28E0901B4D1176AF2BE6E
:106C9000178EF29E0A01FE6B1B0EFD6F0B01006B3F
:106CA0000D0E0A01FF6F0B01026B310E016F046BB9
:106CB000130E036F010E056F0001A1EC04F017BE67
:106CC000F28E176AF2BE178EF29E0A01FE6B2A0E32
:106CD000FD6F0B01006B0D0E0A01FF6F0B01026BC4
:106CE000310E016F046B210E036F010E056F000161
:106CF000A1EC04F017BEF28E176AF2BE178EF29E58
:106D00000A01FE6B2A0EFD6F0B01006B1B0E0A01C0
:106D1000FF6F0B01026B310E016F046B2F0E036FBF
:106D2000010E056F0001A1EC04F017BEF28E0901FF
:106D300061D1176AF2BE178EF29E0A01FE6B1B0E1E
:106D4000FD6F0B01006B0D0E0A01FF6F0B01026B53
:106D5000310E016F046B130E036F010E056F0001FE
:106D6000A1EC04F017BEF28E176AF2BE178EF29EE7
:106D70000A01FE6B2A0EFD6F0B01006B0D0E0A015E
:106D8000FF6F0B01026B310E016F046B210E036F5D
:106D9000010E056F0001A1EC04F017BEF28E176A18
:106DA000F2BE178EF29E0A01FE6B2A0EFD6F0B01DA
:106DB000006B1B0E0A01FF6F0B01026B310E016F9E
:106DC000046B2F0E036F010E056F0001A1EC04F0A0
:106DD00017BEF28E176AF2BE178EF29E0A01FE6B84
:106DE0001B0EFD6F0B01006B290E0A01FF6F0B01DB
:106DF000026B310E016F046B2F0E036F010E056FD6
:106E00000001A1EC04F017BEF28E176AF2BE178ED5
:106E1000F29E0A01FE6B1B0EFD6F0B01006B0A0157
:106E2000FF6F0B01026B220E016F046B2F0E036FBD
:106E3000010E056F0001A1EC04F017BEF28E176A77
:106E4000F2BE178EF29E0A01FE6B1B0EFD6F0B0148
:106E5000006B0D0E0A01FF6F0B01026B220E016F1A
:106E6000046B210E036F010E056F0001A1EC04F00D
:106E700017BEF28E176AF2BE178EF29E0A01FE6BE3
:106E80001B0EFD6F0B01006B0A01FF6F0B01026B04
:106E9000310E016F046B210E036F010E056F0001AF
:106EA000A1EC04F017BEF28E0901A4D0176AF2BE5D
:106EB000178EF29E0A01FE6B1B0EFD6F0B01006B1D
:106EC0000D0E0A01FF6F0B01026B310E016F046B97
:106ED000130E036F010E056F0001A1EC04F017BE45
:106EE000F28E176AF2BE178EF29E0A01FE6B2A0E10
:106EF000FD6F0B01006B0D0E0A01FF6F0B01026BA2
:106F0000310E016F046B210E036F010E056F00013E
:106F1000A1EC04F017BEF28E176AF2BE178EF29E35
:106F20000A01FE6B2A0EFD6F0B01006B1B0E0A019E
:106F3000FF6F0B01026B310E016F046B2F0E036F9D
:106F4000010E056F0001A1EC04F017BEF28E176A66
:106F5000F2BE178EF29E0A01FE6B1B0EFD6F0B0137
:106F6000006B290E0A01FF6F0B01026B310E016FDE
:106F7000046B2F0E036F010E056F0001A1EC04F0EE
:106F800017BEF28E176AF2BE178EF29E0A01FE6BD2
:106F90001B0EFD6F0B01006B0D0E0A01FF6F0B0145
:106FA000026B220E016F046B210E036F010E056F41
:106FB0000001A1EC04F017BEF28E176AF2BE178E24
:106FC000F29E0A01FE6B1B0EFD6F0B01006B0A01A6
:106FD000FF6F0B01026B310E016F046B210E036F0B
:106FE000010E056F0001A1EC04F017BEF28E09013D
:106FF00001D009010001E6EF3DF0F2CF0DF0F29E65
:10700000E824F76AF736250FF66E700EF722000EA9
:10701000F86EFB6E0A00F550FA6E0800F5500DBED2
:10702000F28EF96E8665CE6640674E685E69386A94
:10703000486B8C6C326DAC6E09016151F60FD8B0A3
:1070400068EF3DF00A0F00016BEF3DF0176AF2BEEA
:10705000178EF29E0A01FE6B340EFD6F0B01006B62
:107060000D0E0A01FF6F0B01026B4A0E016F046BDC
:10707000130E036F010E056F0001A1EC04F017BEA3
:10708000F28E176AF2BE178EF29E0A01FE6B430E55
:10709000FD6F0B01006B0D0E0A01FF6F0B01026B00
:1070A0004A0E016F046B210E036F010E056F000184
:1070B000A1EC04F017BEF28E176AF2BE178EF29E94
:1070C0000A01FE6B430EFD6F0B01006B1B0E0A01E4
:1070D000FF6F0B01026B4A0E016F046B2F0E036FE3
:1070E000010E056F0001A1EC04F017BEF28E176AC5
:1070F000F2BE178EF29E0A01FE6B340EFD6F0B017D
:10710000006B290E0A01FF6F0B01026B4A0E016F23
:10711000046B2F0E036F010E056F0001A1EC04F04C
:1071200017BEF28E176AF2BE178EF29E0A01FE6B30
:10713000340EFD6F0B01006B1B0E0A01FF6F0B017C
:10714000026B3B0E016F046B2F0E036F010E056F78
:107150000001A1EC04F017BEF28E176AF2BE178E82
:10716000F29E0A01FE6B340EFD6F0B01006B0D0EDB
:107170000A01FF6F0B01026B3B0E016F046B210EC6
:10718000036F010E056F0001A1EC04F017BEF28E33
:10719000090168EF3DF0176AF2BE178EF29E0A01F0
:1071A000FE6B430EFD6F0B01006B0D0E0A01FF6FAE
:1071B0000B01026B4A0E016F046B210E036F010E6F
:1071C000056F0001A1EC04F017BEF28E176AF2BE43
:1071D000178EF29E0A01FE6B430EFD6F0B01006BD2
:1071E0001B0E0A01FF6F0B01026B4A0E016F046B4D
:1071F0002F0E036F010E056F0001A1EC04F017BE06
:10720000F28E090168EF3DF0176AF2BE178EF29E0A
:107210000A01FE6B340EFD6F0B01006B0D0E0A01AF
:10722000FF6F0B01026B4A0E016F046B130E036FAD
:10723000010E056F0001A1EC04F017BEF28E176A73
:10724000F2BE178EF29E0A01FE6B430EFD6F0B011C
:10725000006B0D0E0A01FF6F0B01026B4A0E016FEE
:10726000046B210E036F010E056F0001A1EC04F009
:1072700017BEF28E176AF2BE178EF29E0A01FE6BDF
:10728000340EFD6F0B01006B290E0A01FF6F0B011D
:10729000026B4A0E016F046B2F0E036F010E056F18
:1072A0000001A1EC04F017BEF28E176AF2BE178E31
:1072B000F29E0A01FE6B340EFD6F0B01006B1B0E7C
:1072C0000A01FF6F0B01026B3B0E016F046B2F0E67
:1072D000036F010E056F0001A1EC04F017BEF28EE2
:1072E000176AF2BE178EF29E0A01FE6B340EFD6F16
:1072F0000B01006B1B0E0A01FF6F0B01026B4A0EA4
:10730000016F046B210E036F010E056F0001A1ECEC
:1073100004F017BEF28E0901DBD3176AF2BE178E96
:10732000F29E0A01FE6B340EFD6F0B01006B0D0E19
:107330000A01FF6F0B01026B4A0E016F046B130E03
:10734000036F010E056F0001A1EC04F017BEF28E71
:10735000176AF2BE178EF29E0A01FE6B430EFD6F96
:107360000B01006B0D0E0A01FF6F0B01026B4A0E41
:10737000016F046B210E036F010E056F0001A1EC7C
:1073800004F017BEF28E176AF2BE178EF29E0A0143
:10739000FE6B430EFD6F0B01006B1B0E0A01FF6FAE
:1073A0000B01026B4A0E016F046B2F0E036F010E6F
:1073B000056F0001A1EC04F017BEF28E176AF2BE51
:1073C000178EF29E0A01FE6B340EFD6F0B01006BEF
:1073D000290E0A01FF6F0B01026B4A0E016F046B4D
:1073E0002F0E036F010E056F0001A1EC04F017BE14
:1073F000F28E176AF2BE178EF29E0A01FE6B340EF1
:10740000FD6F0B01006B1B0E0A01FF6F0B01026B7E
:107410004A0E016F046B210E036F010E056F000110
:10742000A1EC04F017BEF28E090152D3176AF2BE26
:10743000178EF29E0A01FE6B430EFD6F0B01006B6F
:107440000D0E0A01FF6F0B01026B4A0E016F046BF8
:10745000210E036F010E056F0001A1EC04F017BEB1
:10746000F28E176AF2BE178EF29E0A01FE6B430E71
:10747000FD6F0B01006B1B0E0A01FF6F0B01026B0E
:107480004A0E016F046B2F0E036F010E056F000192
:10749000A1EC04F017BEF28E176AF2BE178EF29EB0
:1074A0000A01FE6B340EFD6F0B01006B0D0E0A011D
:1074B000FF6F0B01026B3B0E016F046B210E036F1C
:1074C000010E056F0001A1EC04F017BEF28E176AE1
:1074D000F2BE178EF29E0A01FE6B340EFD6F0B0199
:1074E000006B1B0E0A01FF6F0B01026B4A0E016F4E
:1074F000046B210E036F010E056F0001A1EC04F077
:1075000017BEF28E0901E4D2176AF2BE178EF29E00
:107510000A01FE6B340EFD6F0B01006B0D0E0A01AC
:10752000FF6F0B01026B4A0E016F046B130E036FAA
:10753000010E056F0001A1EC04F017BEF28E176A70
:10754000F2BE178EF29E0A01FE6B430EFD6F0B0119
:10755000006B1B0E0A01FF6F0B01026B4A0E016FDD
:10756000046B2F0E036F010E056F0001A1EC04F0F8
:1075700017BEF28E176AF2BE178EF29E0A01FE6BDC
:10758000340EFD6F0B01006B290E0A01FF6F0B011A
:10759000026B4A0E016F046B2F0E036F010E056F15
:1075A0000001A1EC04F017BEF28E176AF2BE178E2E
:1075B000F29E0A01FE6B340EFD6F0B01006B0D0E87
:1075C0000A01FF6F0B01026B3B0E016F046B210E72
:1075D000036F010E056F0001A1EC04F017BEF28EDF
:1075E000176AF2BE178EF29E0A01FE6B340EFD6F13
:1075F0000B01006B1B0E0A01FF6F0B01026B4A0EA1
:10760000016F046B210E036F010E056F0001A1ECE9
:1076100004F017BEF28E09015BD2176AF2BE178E14
:10762000F29E0A01FE6B340EFD6F0B01006B0D0E16
:107630000A01FF6F0B01026B4A0E016F046B130E00
:10764000036F010E056F0001A1EC04F017BEF28E6E
:10765000176AF2BE178EF29E0A01FE6B430EFD6F93
:107660000B01006B1B0E0A01FF6F0B01026B4A0E30
:10767000016F046B2F0E036F010E056F0001A1EC6B
:1076800004F017BEF28E176AF2BE178EF29E0A0140
:10769000FE6B340EFD6F0B01006B290E0A01FF6FAC
:1076A0000B01026B4A0E016F046B2F0E036F010E6C
:1076B000056F0001A1EC04F017BEF28E176AF2BE4E
:1076C000178EF29E0A01FE6B340EFD6F0B01006BEC
:1076D0001B0E0A01FF6F0B01026B3B0E016F046B67
:1076E0002F0E036F010E056F0001A1EC04F017BE11
:1076F000F28E176AF2BE178EF29E0A01FE6B340EEE
:10770000FD6F0B01006B0D0E0A01FF6F0B01026B89
:107710003B0E016F046B210E036F010E056F00011C
:10772000A1EC04F017BEF28E176AF2BE178EF29E1D
:107730000A01FE6B340EFD6F0B01006B1B0E0A017C
:10774000FF6F0B01026B4A0E016F046B210E036F7A
:10775000010E056F0001A1EC04F017BEF28E0901C5
:10776000B7D1176AF2BE178EF29E0A01FE6B340E75
:10777000FD6F0B01006B0D0E0A01FF6F0B01026B19
:107780004A0E016F046B130E036F010E056F0001AB
:10779000A1EC04F017BEF28E176AF2BE178EF29EAD
:1077A0000A01FE6B430EFD6F0B01006B0D0E0A010B
:1077B000FF6F0B01026B4A0E016F046B210E036F0A
:1077C000010E056F0001A1EC04F017BEF28E176ADE
:1077D000F2BE178EF29E0A01FE6B430EFD6F0B0187
:1077E000006B1B0E0A01FF6F0B01026B4A0E016F4B
:1077F000046B2F0E036F010E056F0001A1EC04F066
:1078000017BEF28E090164D1176AF2BE178EF29E7E
:107810000A01FE6B340EFD6F0B01006B0D0E0A01A9
:10782000FF6F0B01026B4A0E016F046B130E036FA7
:10783000010E056F0001A1EC04F017BEF28E176A6D
:10784000F2BE178EF29E0A01FE6B430EFD6F0B0116
:10785000006B0D0E0A01FF6F0B01026B4A0E016FE8
:10786000046B210E036F010E056F0001A1EC04F003
:1078700017BEF28E176AF2BE178EF29E0A01FE6BD9
:10788000430EFD6F0B01006B1B0E0A01FF6F0B0116
:10789000026B4A0E016F046B2F0E036F010E056F12
:1078A0000001A1EC04F017BEF28E176AF2BE178E2B
:1078B000F29E0A01FE6B340EFD6F0B01006B290E68
:1078C0000A01FF6F0B01026B4A0E016F046B2F0E52
:1078D000036F010E056F0001A1EC04F017BEF28EDC
:1078E000176AF2BE178EF29E0A01FE6B340EFD6F10
:1078F0000B01006B1B0E0A01FF6F0B01026B3B0EAD
:10790000016F046B2F0E036F010E056F0001A1ECD8
:1079100004F017BEF28E176AF2BE178EF29E0A01AD
:10792000FE6B340EFD6F0B01006B0D0E0A01FF6F35
:107930000B01026B3B0E016F046B210E036F010EF6
:10794000056F0001A1EC04F017BEF28E176AF2BEBB
:10795000178EF29E0A01FE6B340EFD6F0B01006B59
:107960001B0E0A01FF6F0B01026B4A0E016F046BC5
:10797000210E036F010E056F0001A1EC04F017BE8C
:10798000F28E0901A5D0176AF2BE178EF29E0A0187
:10799000FE6B340EFD6F0B01006B0D0E0A01FF6FC5
:1079A0000B01026B4A0E016F046B130E036F010E85
:1079B000056F0001A1EC04F017BEF28E176AF2BE4B
:1079C000178EF29E0A01FE6B430EFD6F0B01006BDA
:1079D0000D0E0A01FF6F0B01026B4A0E016F046B63
:1079E000210E036F010E056F0001A1EC04F017BE1C
:1079F000F28E176AF2BE178EF29E0A01FE6B430EDC
:107A0000FD6F0B01006B1B0E0A01FF6F0B01026B78
:107A10004A0E016F046B2F0E036F010E056F0001FC
:107A2000A1EC04F017BEF28E176AF2BE178EF29E1A
:107A30000A01FE6B340EFD6F0B01006B290E0A016B
:107A4000FF6F0B01026B4A0E016F046B2F0E036F69
:107A5000010E056F0001A1EC04F017BEF28E176A4B
:107A6000F2BE178EF29E0A01FE6B340EFD6F0B0103
:107A7000006B0D0E0A01FF6F0B01026B3B0E016FD5
:107A8000046B210E036F010E056F0001A1EC04F0E1
:107A900017BEF28E176AF2BE178EF29E0A01FE6BB7
:107AA000340EFD6F0B01006B1B0E0A01FF6F0B0103
:107AB000026B4A0E016F046B210E036F010E056FFE
:107AC0000001A1EC04F017BEF28E090101D00901FA
:107AD0000001EAEF3DF0F2CF0DF0F29EE824F76AE4
:107AE000F736010FF66E7B0EF722000EF86EFB6E76
:107AF0000A00F550FA6E0800F5500DBEF28EF96ED0
:107B00004C70967108721A732C7408751A76627725
:107B100008788679176AF2BE178EF29E0A01FE6B0C
:107B2000020EFD6F0B01006B0D0E0A01FF6F0B01C2
:107B3000026B4A0E016F046B2F0E036F056B000181
:107B4000A1EC04F017BEF28E176AF2BE178EF29EF9
:107B500060C947FA5FC946FA0A01496B640E486F6B
:107B600000019BEC0BF017BEF28E01C052F9176AB0
:107B7000F2BE178EF29E60C947FA5FC946FA0A0143
:107B8000496B640E486F00019BEC0BF017BEF28E40
:107B900000C055F9090155C961F90A0E626F00016B
:107BA00005EC24F001C053F955C961F90A0E090129
:107BB000626F000105EC24F000C054F952C961F96C
:107BC0004BEF2DF053C961F9B9EF32F054C961F9A7
:107BD0001CEF38F0176AF2BE178EF29EA9EC06F081
:107BE00017BEF28E04EF3EF002C960F901C95FF9D9
:107BF0000901626B640E616F0001FFEF2BF002C997
:107C000060F901C95FF986D7560E09015A6F6D0EEA
:107C10005B6F690E5C6F6E0E5D6F5E6B176AF2BE16
:107C2000178EF29E090E0B01006F5A0E0A01FF6FAC
:107C3000500E0B01016F110E026F046B180E036FD3
:107C4000010E056F0001F6EC05F017BEF28E176A03
:107C5000F2BE178EF29EA9EC06F017BEF28E49EF27
:107C600049F059C9EAFF58C9E9FF090178C9EFFF8E
:107C7000E92AD8B4EA2AEF6A582BD8B4592B000164
:107C80004BEF3EF0EF520FE0EACF77F9E9CF76F90C
:107C9000EFCF78F9E6D777C9EAFF76C9E9FFE92A95
:107CA000D8B4EA2AEFD7000CD89008017035036ADF
:107CB000760FE96E080E0320EA6EECCF75F9ED52EF
:107CC000EFCF74F9080E0901596F9E0E586F75C9F0
:107CD000EAFF74C9E9FF0001D5DFD89008017135CA
:107CE000036A760FE96E080E0320EA6EECCF75F991
:107CF000ED52EFCF74F9080E0901596FB20E586FAB
:107D000075C9EAFF74C9E9FF0001BCDFD89008011A
:107D10007235026E7335036E0250760FE96E080EEF
:107D20000320EA6EECCF75F9ED52EFCF74F9080E2F
:107D30000901596FC60E586F75C9EAFF74C9E9FF8A
:107D40000001A0DFD89008017435026E7535036E0E
:107D50000250760FE96E080E0320EA6EECCF75F93B
:107D6000ED52EFCF74F9080E0901596FDA0E586F12
:107D700075C9EAFF74C9E9FF000184DF0901625394
:107D800007E1615305E1605303E15F5100081AE226
:107D9000176AF2BE178EF29E080E0B01006F9E0E40
:107DA0000A01FF6F6FC901FB73C902FB0B01046B72
:107DB000180E036F010E056F0001F6EC05F017BEFB
:107DC000F28E0901625307E1615305E1605303E15B
:107DD0005F5101081AE2176AF2BE178EF29E080E72
:107DE0000B01006FB20E0A01FF6F6BC901FB73C973
:107DF00002FB0B01046B180E036F010E056F0001EF
:107E0000F6EC05F017BEF28E0901625307E16153EB
:107E100005E1605303E15F5102081AE2176AF2BEFE
:107E2000178EF29E080E0B01006FC60E0A01FF6F3F
:107E300067C901FB73C902FB0B01046B180E036FCA
:107E4000010E056F0001F6EC05F017BEF28E090178
:107E5000625307E1615305E1605303E15F51030899
:107E60001AE2176AF2BE178EF29E080E0B01006F1F
:107E7000DA0E0A01FF6F63C901FB73C902FB0B0134
:107E8000046B180E036F010E056F0001F6EC05F090
:107E900017BEF28E09010001000C1CC960F91BC954
:107EA0005FF917EC15F00901626B616B606B030EF3
:107EB0005F6F666B656B646B636B6A6B696B686B3A
:107EC000310E676F6E6B6D6B6C6B360E6B6F726B1A
:107ED000716B706B3B0E6F6F010E736F0001E4DE10
:107EE0001EC960F91DC95FF917EC15F00901626B35
:107EF000616B606B030E5F6F666B656B646B636BCE
:107F00006A6B696B686B730E676F6E6B6D6B6C6B16
:107F1000780E6B6F726B716B706B7D0E6F6F010EF5
:107F2000736F0001C1DE540E09015A6F650E5B6F5D
:107F30006D0E5C6F700E5D6F5E6B176AF2BE178E12
:107F4000F29E090E0B01006F5A0E0A01FF6F010E1F
:107F50000B01016F026F046B180E036F010E056FAA
:107F60000001F6EC05F017BEF28E560E09015A6FAD
:107F70006D0E5B6F610E5C6F780E5D6F5E6B176AE6
:107F8000F2BE178EF29E090E0B01006F5A0E0A0107
:107F9000FF6F400E0B01016F010E026F046B180E94
:107FA000036F010E056F0001F6EC05F017BEF28EAF
:107FB000176AF2BE178EF29EA9EC06F017BEF28E7B
:107FC0004BEF49F0F86AD09E078EEA6AE96A04012D
:107FD0004E6B0D0E0801556F566B010E576F020E5A
:107FE000586F030E596F090E5A6F110E5B6F100E0A
:107FF0005C6F160E5D6F5E6B5F6B606B616B626BCF
:10800000636B646B656B676B666B696B686B6B6BE3
:108010006A6B6F6B6E6B6D6B6C6B706B716B736B94
:10802000726B756B746BF26BF36BF46BF56BF66BD9
:10803000F86BF76BFA6BF96BFC6BFB6BFD6BFF6B13
:10804000FE6B0901006B026B016B036B046B066B2B
:10805000056B076B086B096B010E0A6F0C6B0B6BE2
:108060000E6B0D6B106B0F6B126B116B146B136B34
:10807000166B156B186B176B1A6B196B1C6B1B6BE4
:108080001E6B1D6B206B1F6B226B216B236B246B94
:10809000030E256F276B010E266F296B286F2A6B45
:1080A0002B6B2C6B2D6B2E6B2F6B306B316B326B04
:1080B000336B346B356B366B376B386B396B3A6BB4
:1080C0003B6F3C6B3D6F3E6B3F6F406B416B426B58
:1080D000436B446B456B466B476B486B496B4A6B14
:1080E0004B6B4C6B4D6B4E6B4F6B506B516B526BC4
:1080F000536B546B556B576B566BC150C00B0F09CC
:10810000C16E070EB46E010E186E020E196E200EAF
:108110001A6E5F0E1B6E0B0E1C6E1D6AC30E1E6E5A
:108120001F6AC60E206E216AC90E226E236AD00E07
:10813000246E256ADF0E266E276AEA0E286E296AEB
:10814000FD0E2A6E010E2B6E0A0E2C6E010E2D6E88
:108150000D0E2E6E010E2F6E140E306E010E316E4E
:108160001B0E326E010E336E260E346E010E356E0E
:10817000310E366E010E376E360E386E010E396EC8
:108180003B0E3A6E010E3B6E3E0E3C6E010E3D6E96
:10819000450E3E6E010E3F6E4E0E406E010E416E5C
:1081A000550E426E010E436E5E0E446E010E456E1C
:1081B000670E466E010E476E720E486E010E496ED6
:1081C0007B0E4A6E010E4B6E840E4C6E010E4D6E90
:1081D0008D0E4E6E010E4F6E960E506E010E516E4C
:1081E0009F0E526E010E536EA20E546E010E556E0E
:1081F000A70E566E010E576EB20E586E010E596ED6
:10820000BF0E5A6E010E5B6ECA0E5C6E010E5D6E85
:10821000D30E5E6E010E5F6EE20E0001606F010E06
:10822000616FEF0E626F010E636FFA0E646F020EE4
:10823000656F070E666F020E676F140E686F020E91
:10824000696F1F0E6A6F020E6B6F2A0E6C6F020E43
:108250006D6F370E6E6F020E6F6F440E706F020EF1
:10826000716F4B0E726F020E736F520E746F020EAF
:10827000756F5D0E766F020E776F660E786F020E69
:10828000796F750E7A6F020E7B6F820E7C6F020E15
:108290007D6F910E7E6F020E7F6F9C0E806F020EBF
:1082A000816FAB0E826F020E836FB60E846F020E6B
:1082B000856FC10E866F020E876FCC0E886F020E1F
:1082C000896FD90E8A6F020E8B6FE60E8C6F020ECD
:1082D0008D6FF50E8E6F020E8F6FFE0E906F030E78
:1082E000916F090E926F030E936F120E946F030E2F
:1082F000956F170E966F030E976F1E0E986F030EF5
:10830000996F230E9A6F030E9B6F2E0E9C6F030EB8
:108310009D6F390E9E6F030E9F6F3E0EA06F030E72
:10832000A16F470EA26F030EA36F500EA46F030E32
:10833000A56F570EA66F030EA76F600EA86F030EF2
:10834000A96F690EAA6F030EAB6F700EAC6F030EB0
:10835000AD6F790EAE6F030EAF6F820EB06F030E6E
:10836000B16F850EB26F030EB36F8A0EB46F030E3A
:10837000B56F930EB66F030EB76F960EB86F030E00
:10838000B96FA50EBA6F030EBB6FAE0EBC6F030EB6
:10839000BD6FB70EBE6F030EBF6FC00EC06F030E72
:1083A000C16FC90EC26F030EC36FD00EC46F030E30
:1083B000C56FD70EC66F030EC76FDC0EC86F030EF6
:1083C000C96FE50ECA6F030ECB6FF00ECC6F030EB4
:1083D000CD6FFF0ECE6F040ECF6F060ED06F040E62
:1083E000D16F110ED26F040ED36F180ED46F040E1E
:1083F000D56F1F0ED66F040ED76F220ED86F040EE6
:10840000D96F290EDA6F010EDB6FDC6BDD6BDE6F6F
:108410007C0EDF6F010EE06F030EE16F0E0EE26F58
:10842000E36BE46BE56BE66FE76B070EE86F400EFE
:10843000E96FEA6BD00EEB6F010EEC6F7C0EED6F07
:10844000EE6B500EEF6FF06BF00EF16F010EF26FEE
:108450005C0EF36FF46B100EF56FF66B050EF76F95
:10846000100EF86F010EF96F280EFA6F010EFB6FF8
:10847000FC0EFC6F070EFD6F480EFE6F010EFF6FC6
:10848000880E0101006F016B090E026F180E036F59
:10849000046B240E056F066B076F010E086FD80E74
:1084A000096F0A6B200E0B6F0C6BD80E0D6F0E6BE5
:1084B000240E0F6F010E106F200E116F010E126F40
:1084C000C00E136F146B060E156FD80E166F176B58
:1084D000240E186F010E196F240E1A6F010E1B6FF8
:1084E000D80E1C6F1D6BA00E1E6F1F6B206B010E34
:1084F000216F226F0E0E236F246B030E256FF80E73
:10850000266F010E276F040E286F020E296F2A6F47
:10851000040E2B6F030E2C6F020E2D6F040E2E6FA8
:108520002F6F020E306FF80E316F010E326F050E95
:10853000336F0A0E346F356B040E366F376B1F0EB8
:10854000386F396B040E3A6F3B6B0A0E3C6F3D6B14
:10855000050E3E6F200E3F6F406B416F426BF80E71
:10856000436F446B200E456F466B476F486B020E9E
:10857000496F4A6B4B6F800E4C6F010E4D6F020EB0
:108580004E6F400E4F6F506B516F526B010E536F19
:10859000800E546F010E556F030E566F576B586F58
:1085A000F80E596F5A6B060E5B6F5C6B040E5D6FB5
:1085B000F80E5E6F5F6B040E606F010E616F040E4C
:1085C000626F010E636FF80E646F656B030E666F6A
:1085D000080E676F010E686FFC0E696F010E6A6FFF
:1085E0006B6B6C6F040E6D6F840E6E6F010E6F6F90
:1085F000440E706F010E716F240E726F010E736F57
:10860000180E746F010E756F040E766F776F010E82
:10861000786F240E796F010E7A6F240E7B6F010E36
:108620007C6FD80E7D6F7E6B050E7F6F600E806F46
:10863000816B500E826F836B480E846F856BFC0ECE
:10864000866F010E876F400E886F896B040E8A6FEC
:108650003C0E8B6F010E8C6F240E8D6F010E8E6F92
:10866000240E8F6F010E906FC40E916F926B040EEB
:10867000936FF80E946F956B240E966F010E976FA3
:10868000240E986F010E996FC00E9A6F9B6B040EAB
:108690009C6F9D6F010E9E6FC40E9F6FA06B340E7A
:1086A000A16FA26B0C0EA36FA46B040EA56FD80E66
:1086B000A66FA76B240EA86F010EA96F240EAA6FD8
:1086C000010EAB6FD80EAC6FAD6B040EAE6F180E13
:1086D000AF6FB06B240EB16F010EB26F240EB36F8B
:1086E000010EB46FF80EB56FB66B010EB76FB00E1A
:1086F000B86F010EB96F020EBA6FBB6BBC6FB00ED4
:10870000BD6F010EBE6F050EBF6F400EC06FC16B17
:10871000A00EC26FC36BC46FC56BC66FC76B100E64
:10872000C86F010EC96F060ECA6FA00ECB6FCC6B5F
:10873000CD6FCE6BCF6FD06BD16FD26BD36FD46B4D
:10874000D56FD66B050ED76F100ED86F010ED96F8F
:10875000A00EDA6FDB6BDC6FDD6BDE6FDF6B400E64
:10876000E06FE16B040EE26FE36FE46B440EE56FC4
:10877000010EE66F240EE76FE86B180EE96FEA6BE7
:10878000070EEB6FF00EEC6FED6B080EEE6F010E47
:10879000EF6F640EF06F020EF16F940EF26F020E27
:1087A000F36FF40EF46F020EF56F880EF66FF76B31
:1087B000700EF86FF96B060EFA6FC00EFB6F010EAC
:1087C000FC6F700EFD6FFE6B4C0EFF6F0201006BB5
:1087D000016F026B700E036F046BC00E056F010E0C
:1087E000066F050E076FFC0E086F010E096F240E51
:1087F0000A6F010E0B6F240E0C6F010E0D6F380EF9
:108800000E6F010E0F6FC00E106F116B060E126F00
:10881000700E136F146B880E156F166B040E176FA6
:10882000010E186F040E196F010E1A6F040E1B6FE4
:10883000010E1C6F880E1D6F1E6B060E1F6FFC0E47
:10884000206F010E216F040E226F010E236F040EA4
:10885000246F010E256F040E266F010E276F880E00
:10886000286F296B700E2A6F2B6B050E2C6FFC0E78
:108870002D6F010E2E6F240E2F6F010E306F240E00
:10888000316F010E326F240E336F010E346F040E00
:10889000356F010E366F050E376FFC0E386F010E07
:1088A000396F240E3A6F3B6B3C6F3D6B3E6F3F6BF5
:1088B000040E406F416B060E426F700E436F446BA7
:1088C000880E456F466B040E476F010E486F240EED
:1088D000496F010E4A6F240E4B6F010E4C6FE80E6C
:1088E0004D6F010E4E6F060E4F6FFC0E506F010E56
:1088F000516F200E526F536B546F556B566F576B01
:10890000586F596BFC0E5A6F010E5B6F030E5C6F54
:10891000040E5D6F010E5E6FFC0E5F6F010E606FE7
:10892000040E616F010E626F030E636F646B010EC4
:10893000656F040E666F010E676FFC0E686F696BE2
:10894000050E6A6FFC0E6B6F010E6C6F200E6D6F63
:108950006E6B500E6F6F706B880E716F726B040EC2
:10896000736F010E746F040E756FFC0E766F010E3F
:10897000776F786B796F7A6B7B6F7C6B7D6F070E8F
:108980007E6FFC0E7F6F010E806F0C0E816F826B0D
:10899000300E836F846BC00E856F866B300E876FD1
:1089A000886B0C0E896F8A6BFC0E8B6F010E8C6FBF
:1089B000060E8D6FFC0E8E6F010E8F6F080E906F7E
:1089C000916B100E926F936B200E946F956B400E0F
:1089D000966F976BFC0E986F010E996F070E9A6F4A
:1089E000700E9B6F9C6B880E9D6F9E6B040E9F6F2D
:1089F000010EA06F040EA16F010EA26F040EA36FF3
:108A0000010EA46F880EA56FA66B700EA76FA86BE2
:108A1000050EA96FFC0EAA6F010EAB6F440EAC6F72
:108A2000AD6BAE6FAF6BB06FB16B380EB26FB36B37
:108A3000070EB46F700EB56FB66B880EB76FB86B5C
:108A4000040EB96F010EBA6F040EBB6F010EBC6F3E
:108A5000040EBD6F030EBE6F880EBF6F040EC06F95
:108A6000700EC16F040EC26F050EC36FFC0EC46F93
:108A7000010EC56F240EC66FC76B640EC86FC96B3D
:108A8000A40ECA6FCB6B180ECC6F010ECD6F050E06
:108A9000CE6F180ECF6F010ED06F240ED16F010E66
:108AA000D26F240ED36F010ED46F240ED56F010E3A
:108AB000D66FC40ED76FD86B050ED96F040EDA6F60
:108AC000DB6BDC6FDD6BFC0EDE6F010EDF6F040E07
:108AD000E06FE16BE26FE36B060EE46FFC0EE56F97
:108AE000E66BE76B010EE86FE96BEA6FEB6BEC6F1F
:108AF000ED6BEE6FFC0EEF6FF06B060EF16F1C0E60
:108B0000F26FF36B600EF46FF56B800EF66F010E73
:108B1000F76F800EF86F010EF96F600EFA6FFB6B46
:108B20001C0EFC6FFD6B070EFE6F7C0EFF6F0301CA
:108B3000006B800E016F010E026F700E036F046BED
:108B40000C0E056F066B700E076F086B800E096FB9
:108B5000010E0A6F7C0E0B6F0C6B040E0D6F8C0EEA
:108B60000E6F010E0F6F700E106F116B126F136B83
:108B70008C0E146F010E156F050E166F040E176F15
:108B8000186B180E196F1A6BE00E1B6F010E1C6F1D
:108B9000180E1D6F1E6B040E1F6F206B216F840E4D
:108BA000226F010E236F640E246F010E256F140EC9
:108BB000266F010E276F0C0E286F010E296F020E13
:108BC0002A6FFE0E2B6F070E2C6F020E2D6F040EF8
:108BD0002E6F030E2F6F060E306F316BF80E326F53
:108BE000336B346B030E356F020E366F376F040E26
:108BF000386FFE0E396F070E3A6F050E3B6F100E81
:108C00003C6F3D6B080E3E6F3F6B040E406F416B37
:108C1000080E426F436B100E446F456B050E466F96
:108C2000476B040E486F496B4A6F4B6B4C6F4D6B33
:108C30004E6F4F6B506F020E516F526F536B040E9D
:108C4000546F556B566F800E576F586B500E596F9F
:108C5000010E5A6F500E5B6F010E5C6FE00E5D6F80
:108C6000010E5E6F040E5F6FFE0E606F010E616F8E
:108C7000100E626F010E636F100E646F010E656F50
:108C8000E00E666F676B030E686FE00E696F6A6BCC
:108C9000100E6B6F010E6C6F100E6D6F010E6E6F0C
:108CA000040E6F6FE00E706F716B100E726F010E1D
:108CB000736F100E746F010E756FFE0E766F010EDE
:108CC000776F040E786FE00E796F7A6B500E7B6FC2
:108CD000010E7C6F500E7D6F010E7E6F600E7F6FF8
:108CE000010E806F030E816FFC0E826F010E836F89
:108CF000120E846F856B866F876B040E886FE00E93
:108D0000896F8A6B100E8B6F050E8C6F100E8D6F36
:108D1000050E8E6FF00E8F6F030E906F040E916F25
:108D2000FE0E926F010E936F100E946F956B966FFF
:108D3000976BE00E986F010E996F9A6FF40E9B6F10
:108D4000010E9C6F020E9D6F100E9E6F040E9F6FA2
:108D5000F40EA06F030EA16F040EA26FFE0EA36FA0
:108D6000010EA46F400EA56FA66BA00EA76FA86B97
:108D7000100EA96F010EAA6FAB6FFE0EAC6F010E45
:108D8000AD6F070EAE6FF00EAF6F010EB06F100E2D
:108D9000B16FB26BB36FB46BE00EB56F010EB66F0F
:108DA000100EB76FB86BB96FBA6BE00EBB6F010EE8
:108DB000BC6F040EBD6FF00EBE6F010EBF6F100EC4
:108DC000C06FC16BC26FC36BE00EC46F010EC56F85
:108DD000040EC66FE00EC76FC86B100EC96F010E90
:108DE000CA6F100ECB6F010ECC6FE00ECD6FCE6B45
:108DF000040ECF6FF00ED06F070ED16F100ED26F32
:108E0000010ED36F100ED46F010ED56FE00ED66F2A
:108E1000D76B040ED86FE00ED96FDA6B100EDB6FD4
:108E2000010EDC6F100EDD6F010EDE6FF00EDF6FD6
:108E3000070EE06F030EE16FF00EE26F010EE36FBD
:108E4000200EE46FE56B100EE66FE76B030EE86F24
:108E5000300EE96F010EEA6F500EEB6F010EEC6FF2
:108E6000900EED6F010EEE6F020EEF6FF80EF06FC9
:108E7000F16B100EF26F010EF36F040EF46FF00E33
:108E8000F56FF66BF76B010EF86FF96BFA6FF00E7A
:108E9000FB6F010EFC6F050EFD6F100EFE6FFF6B7A
:108EA000E00E0401006F016B026B010E036FE00E18
:108EB000046F056B100E066F076B070E086F700EC0
:108EC000096F0A6B800E0B6F010E0C6FC00E0D6FD9
:108ED0000E6B300E0F6F106BC00E116F126B800E89
:108EE000136F010E146F700E156F166B030E176F54
:108EF000100E186F010E196FE00E1A6F1B6B100E1B
:108F00001C6F010E1D6F050E1E6F100E1F6F206B64
:108F1000E00E216F040E226F236B030E246FE00E10
:108F2000256F266B100E276F286B030E296F900E8E
:108F30002A6F010E2B6F500E2C6F010E2D6F300E0D
:108F40002E6F010E2F6F030E306F400E316F326B9C
:108F5000BC0E336F030E346F020E356F040E366F86
:108F6000010E376FFE0E386F070E396F030E3A6F22
:108F7000020E3B6F040E3C6FBC0E3D6F030E3E6F46
:108F8000400E3F6F406B060E416F400E426F436BC9
:108F9000200E446F456B466F476B400E486F496B20
:108FA0004A6F4B6B200E4C6F4D6B08014F6B506B33
:108FB000300E8A6F8B6B310E8C6F8D6B320E8E6F15
:108FC0008F6B330E906F916B340E926F936B350EE7
:108FD000946F956B360E966F976B370E986F996BF3
:108FE000380E9A6F9B6B390E9C6F9D6B080E776FD6
:108FF0008A0E766F080E796F8C0E786F080E7B6F75
:109000008E0E7A6F080E7D6F900E7C6F080E7F6F4C
:10901000920E7E6F080E816F940E806F080E836F24
:10902000960E826F080E856F980E846F080E876FFC
:109030009A0E866F080E896F9C0E886F0901586B17
:10904000596B00019AEF10F040EF11F0140E090176
:109050005A6FFA0E5B6F00015DEC0FF009015A2F99
:10906000F8D7000118EC10F00801F25303E0F251B8
:1090700015080BE10001D6EF11F0176AF2BE178E4A
:10908000F29EE3EC0AF017BEF28E09015153D8A408
:1090900074D00801F251030809E0F251060806E015
:1090A000F2510908D8B402D0090167D0F36B00016E
:1090B0008FEF12F074EF13F0176AF2BE178EF29E64
:1090C00059C846FA010E0A01476F0F0E496F920EFA
:1090D000486F000172EC03F017BEF28E59C85AF9BE
:1090E0000F0E09015C6F800E5B6F00015BEC13F0EB
:1090F00001B004D009013A2D2BD00001176AF2BE4D
:10910000178EF29E59C846FA010E0A01476F0F0EDC
:10911000496F920E486F000172EC03F017BEF28E99
:1091200059C85AF90F0E09015C6F800E5B6F000180
:109130005BEC13F001B004D009013A2D09D0000115
:10914000010E0901236F0801F46F0001D7D709014F
:10915000235305E10001F3EF13F004D009010001EE
:1091600097EF15F00901232D02D00801F46B0801D7
:10917000F2510C0803E10901512B08010901512D9D
:1091800014D00801F2510C08D8B402D009010DD056
:10919000000167EF1FF098EF21F00801F2510F086E
:1091A00005E10901036B030E516F080109015151DB
:1091B000030872E10801F2510F08D8B402D0090186
:1091C0006BD0F36B5E5356E1176AF2BE178EF29EB8
:1091D0005DC846FA010E0A01476F0F0E496F890EEE
:1091E000486F000172EC03F017BEF28E176AF2BEF0
:1091F000178EF29E5DC846FA0A01476B0F0E496F43
:10920000920E486F000172EC03F017BEF28E090156
:109210004D2B4D51FA082CE14D6B4E2B4E5105084C
:1092200027E14E6B176AF2BE178EF29E5DC846FAB2
:109230000A01476B0F0E496F890E486F000172ECEF
:1092400003F017BEF28E176AF2BE178EF29E5DC84B
:1092500046FA0A01476B0F0E496F920E486F0001E4
:1092600072EC03F017BEF28E010E08015E6F090169
:1092700013D008015E2D0FD000C95AF900011BEF71
:1092800024F005C95AF90DEF2AF080EF2AF0F4EF27
:109290003DF04DEF3FF009010001E6D6000E016EF2
:0292A0000300C9
:020000040030CA
:0E00000000C2190E0006B1003FC03FE03F40B5
:00000001FF
;PIC18F4685
;CRC=938E  CREATED="17-ago.-23 14:44"
